,city_non_ph,educstat,have_comp_degree,comp_related_degree,careerstg,industry,how_long_in_salary,typework,shift_schedule,side_gig,sizeteam,ai_work,ai_study,region_ph,age_grp,salary_broader,sitework_Hybrid,sitework_Mostly onsite,sitework_Mostly work from home/ fully remote,sitework_None of the above,employertype_Foreign employer,employertype_I'm an entrepreneur,employertype_I'm self-employed,employertype_Local employer,employertype_Multinational employer,employertype_None of the above,employertype_Public service,datarole_Admin & Support Role,datarole_Consulting & Freelance,datarole_Content Related,datarole_Customer Service & Operations,datarole_Data Analysis & Insights,datarole_Data Engineering,datarole_Data Processing & Entry,datarole_Data Science,datarole_Education & Learning,datarole_Engineering,datarole_Legal & Public Affairs,datarole_Management & Leadership,datarole_Marketing & Sales,datarole_None Of The Above,datarole_Not Applicable,datarole_Research,datarole_Software Engineering,datarole_Technical Support & It Operations,gender_Female,gender_LGBTQ+,gender_Male,gender_Prefer not to say
1,-0.0,0.0,-0.0,-0.07273605397781553,0.30078341674252146,-0.026378592418553646,-0.13646753226402591,-0.0,-0.04074553873297061,-0.0,-0.008904143310978935,-0.02143015031005668,0.0,0.0,-0.0,-0.7231319729916891,-0.0,0.0,-0.01899545366898889,-0.0,-0.0,0.0,-0.0,-0.0,-0.0,0.0,-0.0,0.0,0.0,-0.0,0.0,0.0,-0.0,0.0,-0.0,0.0,0.0,0.0,0.0,-0.0,0.0,0.0,0.0,-0.0,-0.0,0.0,-0.0,0.0,0.0
2,-0.0,-0.0,0.0,0.05024761216824936,0.30078341674252146,0.0835322093254199,-0.05222831481709634,-0.0,0.0035430903246061437,-0.0,0.2879006337216527,0.002119465415280333,0.0,-0.0,-0.0,1.0697572162439037,-0.0,0.0,-0.01899545366898889,-0.0,-0.0,0.0,-0.0,-0.0,-0.0,0.0,-0.0,0.0,0.0,-0.0,0.0,0.0,-0.0,0.0,-0.0,0.0,0.0,0.0,0.0,-0.0,0.0,0.0,0.0,-0.0,-0.0,-0.0,-0.0,-0.0,0.0
3,-0.0,-0.0,-0.0,-0.07273605397781553,-0.6490589519180724,0.040523634729951984,-0.05222831481709634,-0.0,0.047831719382182905,-0.0,0.2879006337216527,0.025669081140617344,-0.0,0.0,-0.0,-0.12550224324649148,0.0,-0.0,-0.01899545366898889,-0.0,-0.0,0.0,-0.0,0.0,0.0,0.0,-0.0,0.0,0.0,-0.0,0.0,-0.0,-0.0,0.0,-0.0,0.0,0.0,0.0,0.0,-0.0,-0.0,0.0,0.0,-0.0,-0.0,0.0,-0.0,0.0,0.0
4,-0.0,-0.0,0.0,0.13223672293229263,0.30078341674252146,0.011851251666306713,-0.05222831481709634,-0.0,0.0035430903246061437,-0.0,0.09003078236656493,0.002119465415280333,-0.0,-0.0,0.0,1.0697572162439037,0.0,0.0,0.028493180503483335,-0.0,-0.0,0.0,-0.0,-0.0,-0.0,0.0,-0.0,0.0,0.0,-0.0,0.0,-0.0,0.0,0.0,-0.0,0.0,0.0,0.0,0.0,-0.0,0.0,0.0,0.0,-0.0,-0.0,0.0,-0.0,0.0,0.0
5,-0.0,-0.0,0.0,0.02096578689537677,0.30078341674252146,0.054859826261774616,-0.22070674971095547,-0.0,-0.12932279684812414,-0.0,0.1889657080441088,-0.02143015031005668,-0.0,-0.0,-0.0,1.0697572162439037,0.0,0.0,0.028493180503483335,-0.0,0.0,0.0,-0.0,-0.0,0.0,0.0,-0.0,0.0,0.0,-0.0,0.0,-0.0,0.0,0.0,-0.0,0.0,0.0,0.0,0.0,-0.0,0.0,0.0,0.0,-0.0,-0.0,-0.0,-0.0,-0.0,0.0
7,-0.0,-0.0,-0.0,-0.07273605397781553,0.30078341674252146,0.0644172872829897,0.20048933752369236,-0.0,0.047831719382182905,-0.0,-0.10783906898852282,0.002119465415280333,-0.0,-0.0,0.0,-0.7231319729916891,0.0,0.0,0.028493180503483335,-0.0,0.0,0.0,-0.0,-0.0,0.0,0.0,-0.0,0.0,0.0,-0.0,0.0,-0.0,-0.0,0.0,0.0,0.0,0.0,0.0,0.0,-0.0,0.0,0.0,0.0,-0.0,-0.0,0.0,-0.0,0.0,0.0
9,-0.0,-0.0,0.0,0.05024761216824936,0.30078341674252146,0.011851251666306713,-0.05222831481709634,-0.0,0.047831719382182905,-0.0,-0.10783906898852282,0.002119465415280333,-0.0,-0.0,-0.0,1.0697572162439037,-0.0,0.0,-0.01899545366898889,-0.0,0.0,0.0,-0.0,-0.0,0.0,0.0,-0.0,0.0,0.0,-0.0,0.0,-0.0,0.0,0.0,-0.0,0.0,0.0,0.0,0.0,-0.0,0.0,0.0,0.0,-0.0,-0.0,0.0,-0.0,0.0,0.0
12,-0.0,-0.0,-0.0,-0.07273605397781553,0.30078341674252146,-0.09328081956705928,0.03201090262983323,-0.0,0.047831719382182905,-0.0,-0.008904143310978935,-0.02143015031005668,0.0,-0.0,-0.0,-0.12550224324649148,-0.0,0.0,-0.01899545366898889,-0.0,-0.0,0.0,-0.0,0.0,0.0,0.0,-0.0,0.0,0.0,-0.0,0.0,0.0,-0.0,0.0,-0.0,0.0,0.0,0.0,0.0,-0.0,0.0,0.0,0.0,-0.0,-0.0,-0.0,-0.0,-0.0,0.0
13,-0.0,-0.0,-0.0,-0.07273605397781553,-0.6490589519180724,-0.026378592418553646,-0.05222831481709634,-0.0,-0.08503416779054737,-0.0,-0.008904143310978935,-0.02143015031005668,-0.0,-0.0,0.0,-0.7231319729916891,-0.0,0.0,-0.01899545366898889,-0.0,0.0,0.0,-0.0,-0.0,0.0,0.0,-0.0,0.0,0.0,-0.0,0.0,0.0,-0.0,0.0,-0.0,0.0,0.0,0.0,0.0,-0.0,0.0,0.0,0.0,-0.0,-0.0,0.0,-0.0,0.0,0.0
15,-0.0,-0.0,0.0,0.13223672293229263,0.30078341674252146,-0.06938716701402155,0.03201090262983323,-0.0,0.047831719382182905,0.0,-0.2067739946660667,0.002119465415280333,-0.0,-0.0,-0.0,1.0697572162439037,0.0,0.0,0.028493180503483335,-0.0,-0.0,0.0,-0.0,-0.0,-0.0,0.0,-0.0,0.0,0.0,-0.0,0.0,0.0,-0.0,0.0,-0.0,0.0,0.0,0.0,0.0,-0.0,0.0,0.0,0.0,-0.0,-0.0,0.0,0.0,-0.0,0.0
16,-0.0,-0.0,-0.0,-0.07273605397781553,0.30078341674252146,0.011851251666306713,0.03201090262983323,-0.0,0.047831719382182905,-0.0,0.1889657080441088,-0.02143015031005668,0.0,-0.0,-0.0,1.0697572162439037,0.0,0.0,0.028493180503483335,-0.0,-0.0,0.0,-0.0,0.0,0.0,0.0,-0.0,0.0,0.0,-0.0,0.0,-0.0,0.0,0.0,-0.0,0.0,0.0,0.0,0.0,-0.0,0.0,0.0,0.0,-0.0,-0.0,0.0,-0.0,0.0,0.0
18,-0.0,-0.0,0.0,0.07952943744112195,0.30078341674252146,-0.1267319331413121,0.03201090262983323,-0.0,0.047831719382182905,-0.0,0.1889657080441088,0.002119465415280333,0.0,-0.0,0.0,-0.12550224324649148,-0.0,0.0,-0.01899545366898889,-0.0,-0.0,0.0,-0.0,0.0,0.0,0.0,-0.0,0.0,0.0,-0.0,0.0,-0.0,0.0,0.0,-0.0,0.0,0.0,0.0,0.0,-0.0,0.0,0.0,0.0,-0.0,-0.0,0.0,-0.0,0.0,0.0
20,-0.0,0.0,0.0,-0.04931059375951746,0.30078341674252146,0.054859826261774616,0.03201090262983323,-0.0,-0.12932279684812414,-0.0,0.2879006337216527,0.002119465415280333,0.0,-0.0,0.0,1.0697572162439037,0.0,0.0,0.028493180503483335,-0.0,-0.0,0.0,-0.0,-0.0,-0.0,0.0,-0.0,0.0,0.0,-0.0,0.0,0.0,-0.0,0.0,-0.0,0.0,0.0,0.0,0.0,-0.0,0.0,0.0,0.0,-0.0,-0.0,0.0,0.0,-0.0,0.0
21,-0.0,-0.0,-0.0,-0.07273605397781553,-0.015830706144343176,-0.0024849398655159213,-0.304945967157885,-0.0,0.0035430903246061437,-0.0,0.09003078236656493,0.01389427327794884,-0.0,-0.0,-0.0,-0.7231319729916891,0.0,-0.0,-0.01899545366898889,-0.0,-0.0,0.0,-0.0,-0.0,0.0,0.0,0.0,0.0,0.0,-0.0,0.0,-0.0,0.0,0.0,-0.0,0.0,0.0,0.0,0.0,-0.0,0.0,0.0,0.0,-0.0,-0.0,0.0,-0.0,0.0,0.0
24,-0.0,-0.0,-0.0,-0.07273605397781553,0.30078341674252146,0.05008109575116707,-0.05222831481709634,-0.0,-0.08503416779054737,-0.0,-0.10783906898852282,0.002119465415280333,-0.0,-0.0,-0.0,1.0697572162439037,0.0,0.0,0.028493180503483335,-0.0,0.0,0.0,-0.0,-0.0,0.0,0.0,-0.0,0.0,0.0,-0.0,0.0,-0.0,0.0,0.0,-0.0,0.0,0.0,0.0,0.0,-0.0,0.0,0.0,0.0,-0.0,-0.0,0.0,-0.0,0.0,0.0
26,-0.0,-0.0,0.0,0.02096578689537677,0.30078341674252146,0.09786840085724252,0.03201090262983323,-0.0,0.047831719382182905,0.0,-0.10783906898852282,0.002119465415280333,-0.0,-0.0,0.0,1.0697572162439037,0.0,0.0,0.028493180503483335,-0.0,-0.0,0.0,-0.0,-0.0,-0.0,0.0,-0.0,0.0,0.0,-0.0,0.0,0.0,-0.0,0.0,-0.0,0.0,0.0,0.0,0.0,-0.0,0.0,0.0,0.0,-0.0,-0.0,-0.0,-0.0,-0.0,0.0
33,-0.0,0.0,0.0,0.08538580249569648,0.30078341674252146,0.0835322093254199,-0.05222831481709634,-0.0,-0.04074553873297061,0.0,-0.10783906898852282,0.002119465415280333,-0.0,-0.0,-0.0,0.4721274864987061,-0.0,0.0,-0.01899545366898889,-0.0,0.0,0.0,-0.0,-0.0,0.0,0.0,-0.0,0.0,0.0,-0.0,0.0,0.0,-0.0,0.0,-0.0,0.0,0.0,0.0,0.0,-0.0,0.0,0.0,0.0,-0.0,-0.0,0.0,-0.0,0.0,0.0
34,-0.0,-0.0,-0.0,-0.07273605397781553,0.30078341674252146,0.011851251666306713,0.20048933752369236,-0.0,0.047831719382182905,-0.0,0.2879006337216527,0.002119465415280333,-0.0,0.0,0.0,-0.12550224324649148,0.0,0.0,0.028493180503483335,-0.0,-0.0,0.0,-0.0,0.0,0.0,0.0,-0.0,0.0,0.0,-0.0,0.0,-0.0,0.0,0.0,-0.0,0.0,0.0,0.0,0.0,-0.0,0.0,0.0,0.0,-0.0,-0.0,0.0,0.0,-0.0,0.0
37,-0.0,0.0,0.0,0.05024761216824936,-0.6490589519180724,0.03574490421934444,-0.05222831481709634,-0.0,0.047831719382182905,0.0,-0.2067739946660667,0.002119465415280333,-0.0,0.0,0.0,-0.12550224324649148,0.0,-0.0,-0.01899545366898889,-0.0,-0.0,0.0,-0.0,0.0,0.0,0.0,-0.0,0.0,0.0,-0.0,0.0,-0.0,-0.0,0.0,-0.0,0.0,0.0,0.0,0.0,-0.0,0.0,0.0,-0.0,-0.0,-0.0,0.0,-0.0,0.0,0.0
38,-0.0,-0.0,0.0,0.07952943744112195,0.30078341674252146,0.0835322093254199,0.20048933752369236,-0.0,0.047831719382182905,-0.0,0.09003078236656493,0.002119465415280333,0.0,0.0,0.0,-0.7231319729916891,-0.0,0.0,-0.01899545366898889,-0.0,-0.0,0.0,-0.0,0.0,0.0,0.0,-0.0,0.0,0.0,-0.0,0.0,-0.0,0.0,0.0,-0.0,0.0,0.0,0.0,0.0,-0.0,0.0,0.0,0.0,-0.0,-0.0,0.0,-0.0,0.0,0.0
39,-0.0,-0.0,0.0,-0.07273605397781553,0.30078341674252146,-0.026378592418553646,-0.13646753226402591,-0.0,-0.08503416779054737,-0.0,-0.10783906898852282,0.002119465415280333,-0.0,-0.0,-0.0,-0.12550224324649148,0.0,0.0,0.028493180503483335,-0.0,-0.0,0.0,-0.0,-0.0,-0.0,0.0,-0.0,0.0,0.0,-0.0,0.0,0.0,-0.0,0.0,-0.0,0.0,0.0,0.0,0.0,-0.0,0.0,0.0,0.0,-0.0,-0.0,0.0,-0.0,0.0,0.0
41,-0.0,0.0,0.0,0.05024761216824936,-0.3324448290312078,0.05963855677238217,-0.304945967157885,0.0,0.0035430903246061437,-0.0,0.2879006337216527,0.002119465415280333,-0.0,0.0,-0.0,1.0697572162439037,0.0,0.0,0.028493180503483335,-0.0,-0.0,0.0,-0.0,-0.0,-0.0,0.0,-0.0,0.0,0.0,-0.0,0.0,-0.0,-0.0,0.0,-0.0,0.0,0.0,0.0,-0.0,-0.0,0.0,0.0,0.0,-0.0,-0.0,0.0,-0.0,0.0,0.0
46,-0.0,-0.0,-0.0,-0.07273605397781553,-0.6490589519180724,0.0644172872829897,-0.05222831481709634,-0.0,0.047831719382182905,-0.0,-0.2067739946660667,-0.009655342447388172,0.0,-0.0,0.0,-0.7231319729916891,0.0,-0.0,-0.01899545366898889,-0.0,-0.0,0.0,-0.0,-0.0,0.0,-0.0,-0.0,0.0,0.0,-0.0,0.0,-0.0,-0.0,0.0,-0.0,0.0,-0.0,0.0,0.0,-0.0,0.0,0.0,0.0,-0.0,-0.0,0.0,-0.0,0.0,0.0
48,-0.0,-0.0,0.0,0.02096578689537677,0.30078341674252146,-0.026378592418553646,-0.13646753226402591,-0.0,0.047831719382182905,-0.0,0.09003078236656493,0.002119465415280333,-0.0,0.0,-0.0,-0.12550224324649148,0.0,0.0,0.028493180503483335,-0.0,-0.0,0.0,-0.0,-0.0,-0.0,0.0,-0.0,0.0,0.0,-0.0,0.0,0.0,-0.0,0.0,-0.0,0.0,0.0,0.0,0.0,-0.0,0.0,0.0,0.0,-0.0,-0.0,0.0,-0.0,0.0,0.0
55,-0.0,-0.0,0.0,0.02096578689537677,-0.015830706144343176,-0.0024849398655159213,-0.13646753226402591,0.0,0.047831719382182905,-0.0,-0.008904143310978935,0.002119465415280333,-0.0,-0.0,-0.0,-0.7231319729916891,-0.0,0.0,-0.01899545366898889,-0.0,-0.0,0.0,-0.0,0.0,0.0,0.0,-0.0,0.0,0.0,-0.0,0.0,-0.0,-0.0,0.0,-0.0,0.0,0.0,0.0,0.0,-0.0,0.0,0.0,0.0,-0.0,0.0,-0.0,-0.0,-0.0,0.0
57,-0.0,-0.0,0.0,0.08538580249569648,0.30078341674252146,0.10264713136785007,-0.05222831481709634,-0.0,0.047831719382182905,-0.0,0.1889657080441088,0.002119465415280333,-0.0,0.0,0.0,-0.12550224324649148,0.0,0.0,0.028493180503483335,-0.0,-0.0,0.0,-0.0,-0.0,-0.0,0.0,-0.0,0.0,0.0,-0.0,0.0,0.0,-0.0,0.0,-0.0,0.0,0.0,0.0,0.0,-0.0,0.0,0.0,0.0,-0.0,-0.0,-0.0,-0.0,-0.0,0.0
60,-0.0,-0.0,0.0,0.02096578689537677,-0.6490589519180724,-0.026378592418553646,0.11625012007676279,-0.0,0.047831719382182905,0.0,-0.2067739946660667,0.002119465415280333,-0.0,-0.0,0.0,-0.7231319729916891,0.0,-0.0,-0.01899545366898889,-0.0,-0.0,0.0,-0.0,0.0,0.0,0.0,-0.0,0.0,0.0,-0.0,0.0,-0.0,-0.0,0.0,-0.0,0.0,0.0,0.0,0.0,-0.0,0.0,0.0,0.0,-0.0,0.0,0.0,-0.0,0.0,0.0
62,-0.0,-0.0,-0.0,-0.07273605397781553,0.30078341674252146,0.0835322093254199,-0.05222831481709634,-0.0,0.047831719382182905,-0.0,-0.008904143310978935,0.002119465415280333,-0.0,-0.0,0.0,-0.7231319729916891,0.0,-0.0,-0.01899545366898889,-0.0,-0.0,0.0,-0.0,-0.0,-0.0,0.0,-0.0,0.0,0.0,-0.0,0.0,0.0,-0.0,0.0,-0.0,0.0,0.0,0.0,0.0,-0.0,0.0,0.0,0.0,-0.0,-0.0,-0.0,-0.0,-0.0,0.0
63,-0.0,0.0,-0.0,-0.07273605397781553,-0.6490589519180724,-0.026378592418553646,0.11625012007676279,-0.0,-0.04074553873297061,-0.0,-0.10783906898852282,0.002119465415280333,0.0,-0.0,-0.0,-0.12550224324649148,0.0,-0.0,-0.01899545366898889,-0.0,0.0,0.0,-0.0,-0.0,0.0,0.0,-0.0,0.0,0.0,-0.0,-0.0,-0.0,-0.0,0.0,-0.0,0.0,0.0,0.0,0.0,-0.0,0.0,0.0,0.0,-0.0,-0.0,0.0,-0.0,0.0,0.0
71,-0.0,-0.0,-0.0,-0.07273605397781553,-0.6490589519180724,-0.10761701109888192,0.20048933752369236,0.0,-0.12932279684812414,0.0,-0.2067739946660667,0.002119465415280333,-0.0,-0.0,0.0,-0.7231319729916891,0.0,0.0,0.028493180503483335,-0.0,-0.0,0.0,0.0,-0.0,0.0,0.0,-0.0,0.0,0.0,-0.0,0.0,-0.0,-0.0,0.0,-0.0,0.0,0.0,0.0,0.0,-0.0,0.0,0.0,0.0,-0.0,0.0,0.0,-0.0,0.0,0.0
78,-0.0,-0.0,0.0,0.13223672293229263,0.30078341674252146,0.0835322093254199,0.11625012007676279,-0.0,-0.04074553873297061,0.0,0.09003078236656493,0.002119465415280333,-0.0,0.0,0.0,-0.12550224324649148,-0.0,0.0,-0.01899545366898889,-0.0,-0.0,0.0,-0.0,0.0,0.0,0.0,-0.0,0.0,0.0,-0.0,0.0,-0.0,-0.0,-0.0,-0.0,0.0,0.0,0.0,0.0,-0.0,0.0,0.0,0.0,-0.0,-0.0,-0.0,-0.0,-0.0,0.0
80,-0.0,-0.0,0.0,0.02096578689537677,0.30078341674252146,-0.026378592418553646,-0.05222831481709634,-0.0,0.047831719382182905,-0.0,-0.2067739946660667,0.002119465415280333,-0.0,-0.0,0.0,-0.7231319729916891,0.0,-0.0,-0.01899545366898889,-0.0,-0.0,0.0,-0.0,0.0,0.0,0.0,-0.0,0.0,0.0,-0.0,0.0,0.0,-0.0,0.0,-0.0,0.0,0.0,0.0,0.0,-0.0,0.0,0.0,0.0,-0.0,-0.0,0.0,-0.0,0.0,0.0
89,-0.0,-0.0,-0.0,0.07952943744112195,0.30078341674252146,0.021408712687521803,-0.05222831481709634,-0.0,0.047831719382182905,-0.0,0.2879006337216527,-0.02143015031005668,0.0,-0.0,0.0,-0.12550224324649148,0.0,0.0,0.028493180503483335,-0.0,0.0,0.0,-0.0,-0.0,0.0,0.0,-0.0,0.0,0.0,-0.0,0.0,-0.0,0.0,0.0,-0.0,0.0,0.0,0.0,0.0,-0.0,0.0,0.0,0.0,-0.0,-0.0,0.0,-0.0,0.0,0.0
90,-0.0,-0.0,-0.0,-0.07273605397781553,0.30078341674252146,0.011851251666306713,0.03201090262983323,-0.0,-0.04074553873297061,-0.0,-0.2067739946660667,0.025669081140617344,-0.0,0.0,0.0,-0.12550224324649148,-0.0,0.0,-0.01899545366898889,-0.0,-0.0,0.0,-0.0,-0.0,-0.0,0.0,-0.0,0.0,0.0,-0.0,0.0,0.0,-0.0,0.0,-0.0,0.0,0.0,0.0,0.0,-0.0,0.0,0.0,0.0,-0.0,-0.0,0.0,-0.0,0.0,0.0
91,-0.0,-0.0,0.0,0.02096578689537677,0.30078341674252146,0.0835322093254199,-0.304945967157885,-0.0,0.047831719382182905,-0.0,-0.008904143310978935,-0.009655342447388172,0.0,-0.0,-0.0,-0.7231319729916891,-0.0,0.0,-0.01899545366898889,-0.0,-0.0,0.0,-0.0,0.0,0.0,0.0,-0.0,0.0,0.0,-0.0,0.0,0.0,-0.0,0.0,-0.0,0.0,0.0,0.0,0.0,-0.0,0.0,0.0,0.0,-0.0,-0.0,0.0,-0.0,0.0,0.0
108,-0.0,-0.0,0.0,-0.07273605397781553,-0.6490589519180724,-0.026378592418553646,-0.05222831481709634,-0.0,0.047831719382182905,-0.0,0.09003078236656493,0.002119465415280333,-0.0,-0.0,0.0,-0.12550224324649148,0.0,0.0,0.028493180503483335,-0.0,-0.0,0.0,-0.0,-0.0,-0.0,0.0,-0.0,0.0,0.0,-0.0,0.0,0.0,-0.0,0.0,-0.0,0.0,0.0,0.0,0.0,-0.0,0.0,0.0,0.0,-0.0,-0.0,0.0,-0.0,0.0,0.0
114,-0.0,-0.0,0.0,0.13223672293229263,0.30078341674252146,0.0835322093254199,-0.13646753226402591,-0.0,-0.04074553873297061,-0.0,0.1889657080441088,0.002119465415280333,0.0,-0.0,-0.0,1.0697572162439037,-0.0,0.0,-0.01899545366898889,-0.0,0.0,0.0,-0.0,-0.0,0.0,0.0,-0.0,0.0,0.0,-0.0,0.0,0.0,-0.0,0.0,-0.0,0.0,0.0,0.0,0.0,-0.0,0.0,0.0,0.0,-0.0,-0.0,-0.0,-0.0,-0.0,0.0
115,-0.0,0.0,0.0,0.07952943744112195,0.30078341674252146,0.0835322093254199,-0.13646753226402591,-0.0,0.047831719382182905,-0.0,0.2879006337216527,0.002119465415280333,0.0,-0.0,-0.0,1.0697572162439037,-0.0,0.0,-0.01899545366898889,-0.0,-0.0,0.0,-0.0,0.0,0.0,0.0,-0.0,0.0,0.0,-0.0,0.0,-0.0,-0.0,0.0,0.0,0.0,0.0,0.0,0.0,-0.0,0.0,0.0,0.0,-0.0,-0.0,0.0,-0.0,0.0,0.0
116,-0.0,0.0,0.0,0.07952943744112195,0.30078341674252146,0.0835322093254199,-0.13646753226402591,-0.0,0.047831719382182905,0.0,0.1889657080441088,0.002119465415280333,-0.0,-0.0,0.0,1.0697572162439037,0.0,-0.0,-0.01899545366898889,-0.0,-0.0,0.0,-0.0,-0.0,-0.0,0.0,-0.0,0.0,0.0,-0.0,0.0,-0.0,-0.0,0.0,0.0,0.0,0.0,0.0,0.0,-0.0,0.0,0.0,0.0,-0.0,-0.0,0.0,-0.0,0.0,0.0
117,-0.0,-0.0,-0.0,-0.07273605397781553,0.30078341674252146,0.05008109575116707,-0.13646753226402591,-0.0,0.047831719382182905,-0.0,0.09003078236656493,0.002119465415280333,-0.0,0.0,-0.0,1.0697572162439037,0.0,0.0,0.028493180503483335,-0.0,-0.0,0.0,-0.0,0.0,0.0,0.0,-0.0,0.0,0.0,-0.0,0.0,-0.0,0.0,0.0,-0.0,0.0,0.0,0.0,0.0,-0.0,0.0,0.0,0.0,-0.0,-0.0,0.0,-0.0,0.0,0.0
118,-0.0,-0.0,-0.0,0.07952943744112195,0.30078341674252146,-0.026378592418553646,0.03201090262983323,-0.0,0.047831719382182905,-0.0,-0.008904143310978935,0.002119465415280333,-0.0,0.0,0.0,1.0697572162439037,-0.0,0.0,-0.01899545366898889,-0.0,-0.0,0.0,-0.0,0.0,0.0,0.0,-0.0,0.0,0.0,-0.0,0.0,-0.0,0.0,0.0,-0.0,0.0,0.0,0.0,0.0,-0.0,0.0,0.0,0.0,-0.0,-0.0,0.0,-0.0,0.0,0.0
119,-0.0,-0.0,-0.0,-0.07273605397781553,0.30078341674252146,0.0835322093254199,-0.05222831481709634,-0.0,0.047831719382182905,-0.0,-0.2067739946660667,0.03744388900328585,0.0,-0.0,0.0,-0.7231319729916891,0.0,-0.0,-0.01899545366898889,-0.0,-0.0,0.0,-0.0,0.0,0.0,0.0,-0.0,0.0,0.0,-0.0,0.0,0.0,-0.0,0.0,-0.0,0.0,0.0,0.0,0.0,-0.0,0.0,0.0,0.0,-0.0,-0.0,0.0,-0.0,0.0,0.0
120,-0.0,-0.0,0.0,0.02096578689537677,0.30078341674252146,0.040523634729951984,-0.13646753226402591,-0.0,0.047831719382182905,-0.0,-0.10783906898852282,0.002119465415280333,-0.0,0.0,0.0,1.0697572162439037,0.0,0.0,0.028493180503483335,-0.0,0.0,0.0,-0.0,-0.0,0.0,0.0,-0.0,0.0,0.0,-0.0,0.0,-0.0,0.0,0.0,-0.0,0.0,0.0,0.0,0.0,-0.0,0.0,0.0,0.0,-0.0,-0.0,0.0,-0.0,0.0,0.0
121,-0.0,-0.0,0.0,0.08538580249569648,-0.3324448290312078,-0.055050975482198915,-0.05222831481709634,-0.0,0.0035430903246061437,0.0,0.09003078236656493,0.002119465415280333,-0.0,-0.0,0.0,1.0697572162439037,0.0,0.0,0.028493180503483335,-0.0,0.0,0.0,-0.0,-0.0,0.0,0.0,-0.0,0.0,0.0,-0.0,0.0,-0.0,-0.0,0.0,-0.0,0.0,0.0,0.0,0.0,-0.0,0.0,0.0,0.0,0.0,-0.0,0.0,-0.0,0.0,0.0
122,-0.0,-0.0,0.0,0.13223672293229263,0.30078341674252146,0.06919601779359726,-0.05222831481709634,-0.0,0.047831719382182905,0.0,-0.008904143310978935,0.002119465415280333,-0.0,-0.0,0.0,1.0697572162439037,0.0,0.0,0.028493180503483335,-0.0,0.0,0.0,-0.0,-0.0,0.0,0.0,-0.0,0.0,0.0,-0.0,0.0,-0.0,0.0,0.0,-0.0,0.0,0.0,0.0,0.0,-0.0,0.0,0.0,0.0,-0.0,-0.0,0.0,-0.0,0.0,0.0
124,-0.0,-0.0,0.0,0.05024761216824936,0.30078341674252146,-0.007263670376123466,-0.05222831481709634,-0.0,-0.04074553873297061,-0.0,0.09003078236656493,0.002119465415280333,-0.0,0.0,-0.0,1.0697572162439037,0.0,0.0,0.028493180503483335,-0.0,-0.0,0.0,-0.0,-0.0,-0.0,0.0,-0.0,0.0,0.0,-0.0,0.0,0.0,-0.0,0.0,-0.0,0.0,0.0,0.0,0.0,-0.0,0.0,0.0,0.0,-0.0,-0.0,-0.0,-0.0,-0.0,0.0
125,-0.0,-0.0,0.0,0.05024761216824936,0.30078341674252146,-0.10283828058827436,-0.05222831481709634,-0.0,0.047831719382182905,-0.0,-0.2067739946660667,-0.009655342447388172,-0.0,-0.0,0.0,-0.12550224324649148,0.0,-0.0,-0.01899545366898889,-0.0,-0.0,0.0,-0.0,0.0,0.0,0.0,-0.0,0.0,0.0,-0.0,0.0,0.0,-0.0,0.0,-0.0,0.0,0.0,0.0,0.0,-0.0,0.0,0.0,0.0,-0.0,-0.0,0.0,-0.0,0.0,0.0
126,-0.0,-0.0,0.0,0.02096578689537677,0.30078341674252146,-0.06938716701402155,-0.13646753226402591,-0.0,0.0035430903246061437,-0.0,-0.008904143310978935,-0.02143015031005668,-0.0,-0.0,-0.0,1.0697572162439037,0.0,0.0,0.028493180503483335,-0.0,0.0,0.0,-0.0,-0.0,0.0,0.0,-0.0,0.0,0.0,-0.0,0.0,-0.0,0.0,0.0,-0.0,0.0,0.0,0.0,0.0,-0.0,0.0,0.0,0.0,-0.0,-0.0,0.0,-0.0,0.0,0.0
127,-0.0,0.0,0.0,0.12052399282314359,-0.015830706144343176,0.0835322093254199,-0.05222831481709634,-0.0,0.047831719382182905,-0.0,-0.10783906898852282,0.002119465415280333,-0.0,0.0,-0.0,1.0697572162439037,0.0,-0.0,-0.01899545366898889,-0.0,-0.0,0.0,-0.0,-0.0,0.0,0.0,0.0,0.0,0.0,-0.0,0.0,-0.0,-0.0,0.0,-0.0,0.0,0.0,0.0,-0.0,-0.0,0.0,0.0,0.0,-0.0,-0.0,-0.0,-0.0,-0.0,0.0
132,0.0,-0.0,-0.0,0.091242167550271,0.30078341674252146,0.09786840085724252,0.20048933752369236,-0.0,0.0035430903246061437,0.0,-0.2067739946660667,0.002119465415280333,-0.0,-0.0,0.0,1.0697572162439037,0.0,0.0,0.028493180503483335,-0.0,0.0,0.0,-0.0,-0.0,0.0,0.0,-0.0,0.0,0.0,-0.0,0.0,-0.0,0.0,0.0,-0.0,0.0,0.0,0.0,0.0,-0.0,0.0,0.0,0.0,-0.0,-0.0,0.0,-0.0,0.0,0.0
133,-0.0,-0.0,0.0,0.07952943744112195,0.30078341674252146,-0.026378592418553646,0.03201090262983323,-0.0,0.047831719382182905,-0.0,-0.10783906898852282,0.002119465415280333,0.0,-0.0,0.0,-0.7231319729916891,0.0,0.0,0.028493180503483335,-0.0,-0.0,0.0,-0.0,0.0,0.0,0.0,-0.0,0.0,0.0,-0.0,0.0,-0.0,0.0,0.0,-0.0,0.0,0.0,0.0,0.0,-0.0,0.0,0.0,0.0,-0.0,-0.0,0.0,-0.0,0.0,0.0
134,-0.0,0.0,0.0,0.05024761216824936,-0.3324448290312078,0.08831093983602743,-0.13646753226402591,0.0,-0.04074553873297061,0.0,-0.008904143310978935,0.002119465415280333,-0.0,0.0,-0.0,1.0697572162439037,0.0,0.0,0.028493180503483335,-0.0,-0.0,0.0,0.0,-0.0,0.0,0.0,-0.0,0.0,0.0,-0.0,0.0,-0.0,-0.0,0.0,-0.0,0.0,-0.0,0.0,0.0,-0.0,0.0,0.0,0.0,-0.0,-0.0,-0.0,-0.0,-0.0,0.0
135,-0.0,-0.0,0.0,0.08538580249569648,0.30078341674252146,0.011851251666306713,-0.05222831481709634,-0.0,-0.08503416779054737,-0.0,0.2879006337216527,-0.02143015031005668,0.0,-0.0,0.0,0.4721274864987061,0.0,0.0,0.028493180503483335,-0.0,-0.0,0.0,-0.0,0.0,0.0,0.0,-0.0,0.0,0.0,-0.0,0.0,-0.0,-0.0,0.0,-0.0,0.0,-0.0,0.0,0.0,-0.0,0.0,0.0,0.0,-0.0,-0.0,0.0,-0.0,0.0,0.0
136,-0.0,-0.0,0.0,0.05024761216824936,0.30078341674252146,0.011851251666306713,0.03201090262983323,-0.0,0.047831719382182905,-0.0,0.1889657080441088,0.002119465415280333,-0.0,0.0,0.0,-0.12550224324649148,0.0,0.0,0.028493180503483335,-0.0,-0.0,0.0,-0.0,0.0,0.0,0.0,-0.0,0.0,0.0,-0.0,0.0,-0.0,0.0,0.0,-0.0,0.0,0.0,0.0,0.0,-0.0,0.0,0.0,0.0,-0.0,-0.0,0.0,-0.0,0.0,0.0
138,-0.0,0.0,0.0,0.07952943744112195,0.30078341674252146,-0.026378592418553646,0.03201090262983323,-0.0,0.047831719382182905,0.0,-0.008904143310978935,0.002119465415280333,-0.0,0.0,-0.0,1.0697572162439037,-0.0,0.0,-0.01899545366898889,-0.0,-0.0,0.0,-0.0,-0.0,-0.0,0.0,-0.0,0.0,0.0,-0.0,0.0,-0.0,0.0,0.0,-0.0,0.0,0.0,0.0,0.0,-0.0,0.0,0.0,0.0,-0.0,-0.0,-0.0,-0.0,-0.0,0.0
139,-0.0,0.0,0.0,0.07952943744112195,-0.3324448290312078,0.06919601779359726,-0.13646753226402591,0.0,-0.12932279684812414,0.0,0.09003078236656493,0.002119465415280333,-0.0,0.0,0.0,1.0697572162439037,0.0,0.0,0.028493180503483335,-0.0,0.0,0.0,-0.0,-0.0,0.0,0.0,-0.0,0.0,0.0,-0.0,0.0,-0.0,-0.0,0.0,-0.0,0.0,0.0,0.0,0.0,-0.0,0.0,0.0,0.0,0.0,-0.0,0.0,0.0,-0.0,0.0
140,-0.0,-0.0,-0.0,-0.07273605397781553,-0.3324448290312078,-0.10283828058827436,0.20048933752369236,0.0,-0.08503416779054737,-0.0,-0.2067739946660667,0.002119465415280333,-0.0,-0.0,0.0,1.0697572162439037,0.0,0.0,0.028493180503483335,-0.0,0.0,0.0,-0.0,-0.0,0.0,0.0,-0.0,0.0,0.0,-0.0,0.0,-0.0,0.0,0.0,-0.0,0.0,0.0,0.0,0.0,-0.0,0.0,0.0,0.0,-0.0,-0.0,0.0,-0.0,0.0,0.0
142,-0.0,-0.0,0.0,0.12052399282314359,0.30078341674252146,0.0835322093254199,-0.13646753226402591,-0.0,0.047831719382182905,-0.0,-0.10783906898852282,0.002119465415280333,-0.0,-0.0,0.0,-0.12550224324649148,0.0,-0.0,-0.01899545366898889,-0.0,-0.0,0.0,-0.0,0.0,0.0,0.0,-0.0,0.0,0.0,-0.0,0.0,0.0,-0.0,0.0,-0.0,0.0,0.0,0.0,0.0,-0.0,0.0,0.0,0.0,-0.0,-0.0,-0.0,-0.0,-0.0,0.0
143,-0.0,-0.0,0.0,0.07952943744112195,-0.015830706144343176,-0.09805955007766683,0.11625012007676279,-0.0,0.047831719382182905,0.0,0.1889657080441088,0.002119465415280333,0.0,-0.0,0.0,-0.12550224324649148,-0.0,0.0,-0.01899545366898889,-0.0,-0.0,0.0,-0.0,-0.0,0.0,0.0,0.0,0.0,0.0,-0.0,0.0,-0.0,-0.0,0.0,-0.0,0.0,0.0,0.0,0.0,-0.0,0.0,0.0,0.0,0.0,-0.0,0.0,-0.0,0.0,0.0
144,-0.0,0.0,-0.0,-0.07273605397781553,0.30078341674252146,0.0644172872829897,0.11625012007676279,-0.0,0.047831719382182905,-0.0,-0.2067739946660667,0.002119465415280333,-0.0,0.0,-0.0,-0.12550224324649148,-0.0,0.0,-0.01899545366898889,-0.0,-0.0,0.0,-0.0,-0.0,-0.0,0.0,-0.0,0.0,0.0,-0.0,0.0,0.0,-0.0,0.0,-0.0,0.0,0.0,0.0,0.0,-0.0,0.0,0.0,0.0,-0.0,-0.0,0.0,-0.0,0.0,0.0
145,-0.0,-0.0,0.0,0.12638035787771812,0.30078341674252146,0.0835322093254199,0.11625012007676279,-0.0,0.047831719382182905,-0.0,-0.10783906898852282,-0.02143015031005668,0.0,-0.0,-0.0,1.0697572162439037,0.0,0.0,0.028493180503483335,-0.0,-0.0,0.0,-0.0,0.0,0.0,0.0,-0.0,0.0,0.0,-0.0,0.0,0.0,-0.0,0.0,-0.0,0.0,0.0,0.0,0.0,-0.0,0.0,0.0,0.0,-0.0,-0.0,0.0,-0.0,0.0,0.0
146,-0.0,-0.0,0.0,0.07952943744112195,0.30078341674252146,-0.026378592418553646,-0.13646753226402591,-0.0,-0.04074553873297061,-0.0,0.1889657080441088,0.002119465415280333,0.0,0.0,-0.0,1.0697572162439037,-0.0,0.0,-0.01899545366898889,-0.0,-0.0,0.0,-0.0,0.0,0.0,0.0,-0.0,0.0,0.0,-0.0,0.0,-0.0,0.0,0.0,-0.0,0.0,0.0,0.0,0.0,-0.0,0.0,0.0,0.0,-0.0,-0.0,0.0,-0.0,-0.0,-0.0
147,-0.0,-0.0,-0.0,-0.07273605397781553,-0.015830706144343176,0.0835322093254199,0.11625012007676279,-0.0,0.047831719382182905,-0.0,0.09003078236656493,-0.02143015031005668,0.0,-0.0,0.0,1.0697572162439037,0.0,-0.0,-0.01899545366898889,-0.0,-0.0,0.0,-0.0,-0.0,0.0,0.0,0.0,0.0,0.0,-0.0,0.0,-0.0,-0.0,0.0,-0.0,0.0,0.0,0.0,-0.0,-0.0,0.0,0.0,0.0,-0.0,-0.0,-0.0,-0.0,-0.0,0.0
148,-0.0,-0.0,-0.0,-0.07273605397781553,0.30078341674252146,0.0835322093254199,0.03201090262983323,-0.0,0.047831719382182905,-0.0,0.1889657080441088,-0.02143015031005668,0.0,-0.0,-0.0,1.0697572162439037,0.0,-0.0,-0.01899545366898889,-0.0,-0.0,0.0,-0.0,0.0,0.0,0.0,-0.0,0.0,0.0,-0.0,0.0,-0.0,-0.0,0.0,0.0,0.0,0.0,0.0,0.0,-0.0,0.0,0.0,0.0,-0.0,-0.0,0.0,-0.0,0.0,0.0
149,-0.0,-0.0,0.0,0.13223672293229263,0.30078341674252146,0.0835322093254199,0.20048933752369236,-0.0,0.047831719382182905,0.0,0.1889657080441088,0.002119465415280333,-0.0,0.0,0.0,1.0697572162439037,-0.0,0.0,-0.01899545366898889,-0.0,-0.0,0.0,-0.0,-0.0,-0.0,0.0,-0.0,0.0,0.0,-0.0,0.0,-0.0,-0.0,0.0,0.0,0.0,0.0,0.0,0.0,-0.0,0.0,0.0,0.0,-0.0,-0.0,0.0,0.0,-0.0,0.0
150,-0.0,-0.0,-0.0,-0.07273605397781553,0.30078341674252146,0.011851251666306713,-0.05222831481709634,-0.0,0.047831719382182905,-0.0,0.2879006337216527,-0.02143015031005668,-0.0,-0.0,0.0,1.0697572162439037,-0.0,0.0,-0.01899545366898889,-0.0,-0.0,0.0,-0.0,0.0,0.0,0.0,-0.0,0.0,0.0,-0.0,0.0,-0.0,0.0,0.0,-0.0,0.0,0.0,0.0,0.0,-0.0,0.0,0.0,0.0,-0.0,-0.0,0.0,-0.0,0.0,0.0
151,-0.0,-0.0,-0.0,0.12638035787771812,-0.3324448290312078,0.05008109575116707,-0.13646753226402591,0.0,0.047831719382182905,0.0,-0.2067739946660667,0.002119465415280333,-0.0,-0.0,-0.0,1.0697572162439037,0.0,0.0,0.028493180503483335,-0.0,0.0,0.0,-0.0,-0.0,0.0,0.0,-0.0,0.0,0.0,-0.0,0.0,0.0,-0.0,0.0,-0.0,0.0,0.0,0.0,0.0,-0.0,0.0,0.0,0.0,-0.0,-0.0,0.0,-0.0,0.0,0.0
152,-0.0,0.0,0.0,-0.07273605397781553,0.30078341674252146,-0.06460843650341401,-0.13646753226402591,-0.0,0.047831719382182905,-0.0,-0.10783906898852282,0.002119465415280333,-0.0,0.0,-0.0,1.0697572162439037,0.0,0.0,0.028493180503483335,-0.0,-0.0,0.0,-0.0,-0.0,-0.0,0.0,-0.0,0.0,0.0,-0.0,0.0,-0.0,-0.0,0.0,-0.0,0.0,0.0,0.0,-0.0,-0.0,0.0,0.0,0.0,-0.0,-0.0,-0.0,-0.0,-0.0,0.0
153,-0.0,-0.0,-0.0,-0.07273605397781553,0.30078341674252146,-0.026378592418553646,0.03201090262983323,-0.0,-0.04074553873297061,0.0,-0.2067739946660667,0.002119465415280333,-0.0,0.0,-0.0,1.0697572162439037,0.0,0.0,0.028493180503483335,-0.0,-0.0,0.0,-0.0,-0.0,-0.0,0.0,-0.0,0.0,0.0,-0.0,0.0,-0.0,-0.0,0.0,-0.0,0.0,0.0,0.0,0.0,-0.0,-0.0,0.0,0.0,-0.0,-0.0,-0.0,-0.0,-0.0,0.0
154,-0.0,-0.0,-0.0,0.12638035787771812,0.30078341674252146,0.0835322093254199,-0.05222831481709634,-0.0,-0.04074553873297061,-0.0,0.2879006337216527,0.002119465415280333,-0.0,-0.0,0.0,1.0697572162439037,-0.0,0.0,-0.01899545366898889,-0.0,-0.0,0.0,-0.0,-0.0,-0.0,0.0,-0.0,0.0,0.0,-0.0,0.0,-0.0,0.0,0.0,-0.0,0.0,0.0,0.0,0.0,-0.0,0.0,0.0,0.0,-0.0,-0.0,0.0,-0.0,0.0,0.0
155,-0.0,-0.0,0.0,0.05024761216824936,0.30078341674252146,0.011851251666306713,-0.13646753226402591,-0.0,-0.08503416779054737,-0.0,0.09003078236656493,0.002119465415280333,-0.0,0.0,-0.0,1.0697572162439037,0.0,-0.0,-0.01899545366898889,-0.0,-0.0,0.0,-0.0,0.0,0.0,0.0,-0.0,0.0,0.0,-0.0,0.0,0.0,-0.0,0.0,-0.0,0.0,0.0,0.0,0.0,-0.0,0.0,0.0,0.0,-0.0,-0.0,0.0,-0.0,0.0,0.0
156,-0.0,-0.0,-0.0,-0.07273605397781553,0.30078341674252146,-0.026378592418553646,0.11625012007676279,-0.0,0.0035430903246061437,0.0,-0.10783906898852282,0.002119465415280333,-0.0,-0.0,0.0,1.0697572162439037,0.0,0.0,0.028493180503483335,-0.0,0.0,0.0,-0.0,-0.0,0.0,0.0,-0.0,0.0,0.0,-0.0,0.0,-0.0,-0.0,0.0,-0.0,0.0,0.0,0.0,0.0,-0.0,0.0,0.0,0.0,0.0,-0.0,0.0,-0.0,0.0,0.0
157,0.0,-0.0,0.0,0.05024761216824936,0.30078341674252146,0.030966173708736895,0.03201090262983323,-0.0,-0.12932279684812414,-0.0,-0.008904143310978935,0.002119465415280333,0.0,-0.0,-0.0,1.0697572162439037,0.0,-0.0,-0.01899545366898889,-0.0,0.0,0.0,-0.0,-0.0,0.0,0.0,-0.0,0.0,0.0,-0.0,0.0,-0.0,0.0,0.0,-0.0,0.0,0.0,0.0,0.0,-0.0,0.0,0.0,0.0,-0.0,-0.0,0.0,-0.0,0.0,0.0
160,-0.0,0.0,0.0,0.05024761216824936,-0.015830706144343176,-0.0024849398655159213,-0.05222831481709634,-0.0,0.047831719382182905,-0.0,-0.10783906898852282,0.002119465415280333,-0.0,-0.0,-0.0,-0.12550224324649148,0.0,-0.0,-0.01899545366898889,-0.0,-0.0,0.0,-0.0,-0.0,0.0,0.0,0.0,0.0,0.0,-0.0,0.0,-0.0,0.0,0.0,-0.0,0.0,0.0,0.0,0.0,-0.0,0.0,0.0,0.0,-0.0,-0.0,0.0,-0.0,0.0,0.0
161,-0.0,-0.0,-0.0,-0.07273605397781553,0.30078341674252146,0.021408712687521803,0.03201090262983323,-0.0,0.047831719382182905,-0.0,-0.2067739946660667,0.002119465415280333,0.0,-0.0,0.0,-0.12550224324649148,0.0,-0.0,-0.01899545366898889,-0.0,-0.0,0.0,-0.0,0.0,0.0,0.0,-0.0,0.0,0.0,-0.0,0.0,-0.0,-0.0,0.0,-0.0,0.0,0.0,0.0,0.0,-0.0,0.0,0.0,0.0,0.0,-0.0,0.0,-0.0,0.0,0.0
162,-0.0,-0.0,0.0,0.02096578689537677,0.30078341674252146,-0.026378592418553646,-0.05222831481709634,-0.0,0.0035430903246061437,-0.0,0.1889657080441088,0.002119465415280333,0.0,-0.0,-0.0,1.0697572162439037,0.0,0.0,0.028493180503483335,-0.0,-0.0,0.0,-0.0,-0.0,-0.0,0.0,-0.0,0.0,0.0,-0.0,0.0,-0.0,0.0,0.0,-0.0,0.0,0.0,0.0,0.0,-0.0,0.0,0.0,0.0,-0.0,-0.0,0.0,-0.0,0.0,0.0
164,-0.0,-0.0,0.0,0.026822151949951287,0.30078341674252146,0.0835322093254199,0.03201090262983323,-0.0,-0.04074553873297061,-0.0,-0.008904143310978935,-0.02143015031005668,-0.0,-0.0,-0.0,1.0697572162439037,0.0,0.0,0.028493180503483335,-0.0,-0.0,0.0,-0.0,0.0,0.0,0.0,-0.0,0.0,0.0,-0.0,0.0,0.0,-0.0,0.0,-0.0,0.0,0.0,0.0,0.0,-0.0,0.0,0.0,0.0,-0.0,-0.0,-0.0,-0.0,-0.0,0.0
168,-0.0,-0.0,0.0,0.07952943744112195,0.30078341674252146,-0.007263670376123466,0.20048933752369236,-0.0,-0.08503416779054737,-0.0,0.1889657080441088,0.002119465415280333,-0.0,0.0,0.0,1.0697572162439037,0.0,0.0,0.028493180503483335,-0.0,-0.0,0.0,-0.0,-0.0,-0.0,0.0,-0.0,0.0,0.0,-0.0,0.0,-0.0,-0.0,0.0,-0.0,0.0,0.0,0.0,0.0,-0.0,0.0,0.0,0.0,0.0,-0.0,-0.0,-0.0,-0.0,0.0
169,-0.0,-0.0,-0.0,-0.07273605397781553,0.30078341674252146,-0.06938716701402155,-0.05222831481709634,-0.0,0.047831719382182905,0.0,-0.10783906898852282,0.002119465415280333,-0.0,0.0,-0.0,1.0697572162439037,0.0,0.0,0.028493180503483335,-0.0,0.0,0.0,-0.0,-0.0,0.0,0.0,-0.0,0.0,0.0,-0.0,0.0,-0.0,0.0,0.0,-0.0,0.0,0.0,0.0,0.0,-0.0,0.0,0.0,0.0,-0.0,-0.0,0.0,-0.0,0.0,0.0
170,-0.0,-0.0,0.0,0.07952943744112195,0.30078341674252146,-0.026378592418553646,-0.13646753226402591,-0.0,0.047831719382182905,-0.0,-0.2067739946660667,0.002119465415280333,-0.0,-0.0,0.0,-0.12550224324649148,-0.0,0.0,-0.01899545366898889,-0.0,-0.0,0.0,-0.0,-0.0,-0.0,0.0,-0.0,0.0,0.0,-0.0,0.0,-0.0,-0.0,0.0,-0.0,0.0,0.0,0.0,0.0,-0.0,0.0,0.0,0.0,0.0,-0.0,0.0,-0.0,0.0,0.0
171,-0.0,-0.0,-0.0,-0.07273605397781553,0.30078341674252146,-0.026378592418553646,-0.13646753226402591,-0.0,0.0035430903246061437,-0.0,0.1889657080441088,0.002119465415280333,-0.0,0.0,-0.0,0.4721274864987061,0.0,0.0,0.028493180503483335,-0.0,-0.0,0.0,-0.0,-0.0,-0.0,0.0,-0.0,0.0,0.0,-0.0,0.0,0.0,-0.0,0.0,-0.0,0.0,0.0,0.0,0.0,-0.0,0.0,0.0,0.0,-0.0,-0.0,0.0,-0.0,0.0,0.0
172,-0.0,-0.0,0.0,0.03267851700452581,0.30078341674252146,-0.026378592418553646,-0.05222831481709634,-0.0,-0.08503416779054737,-0.0,-0.10783906898852282,0.002119465415280333,-0.0,0.0,-0.0,0.4721274864987061,-0.0,0.0,-0.01899545366898889,-0.0,-0.0,0.0,-0.0,-0.0,-0.0,0.0,-0.0,0.0,0.0,-0.0,0.0,0.0,-0.0,0.0,-0.0,0.0,0.0,0.0,0.0,-0.0,0.0,0.0,0.0,-0.0,-0.0,-0.0,-0.0,-0.0,0.0
173,-0.0,0.0,0.0,0.08538580249569648,0.30078341674252146,0.0835322093254199,0.11625012007676279,-0.0,0.047831719382182905,-0.0,-0.008904143310978935,-0.02143015031005668,0.0,-0.0,-0.0,0.4721274864987061,0.0,0.0,0.028493180503483335,-0.0,0.0,0.0,-0.0,-0.0,0.0,0.0,-0.0,0.0,0.0,-0.0,0.0,0.0,-0.0,0.0,-0.0,0.0,0.0,0.0,0.0,-0.0,0.0,0.0,0.0,-0.0,-0.0,-0.0,-0.0,-0.0,0.0
175,-0.0,-0.0,-0.0,-0.07273605397781553,0.30078341674252146,-0.026378592418553646,0.03201090262983323,-0.0,-0.04074553873297061,-0.0,0.2879006337216527,0.002119465415280333,-0.0,-0.0,0.0,-0.12550224324649148,0.0,0.0,0.028493180503483335,-0.0,-0.0,0.0,-0.0,-0.0,-0.0,0.0,-0.0,0.0,0.0,-0.0,0.0,-0.0,0.0,0.0,-0.0,0.0,0.0,0.0,0.0,-0.0,0.0,0.0,0.0,-0.0,-0.0,0.0,-0.0,0.0,0.0
177,-0.0,-0.0,0.0,0.08538580249569648,0.30078341674252146,0.0644172872829897,0.20048933752369236,-0.0,-0.04074553873297061,-0.0,0.09003078236656493,-0.02143015031005668,0.0,-0.0,0.0,-0.7231319729916891,-0.0,0.0,-0.01899545366898889,-0.0,0.0,0.0,-0.0,-0.0,0.0,0.0,-0.0,-0.0,0.0,-0.0,0.0,-0.0,-0.0,0.0,-0.0,0.0,0.0,0.0,0.0,-0.0,0.0,0.0,0.0,-0.0,-0.0,0.0,-0.0,0.0,0.0
180,-0.0,-0.0,0.0,0.08538580249569648,0.30078341674252146,0.0835322093254199,0.03201090262983323,-0.0,0.047831719382182905,-0.0,0.1889657080441088,0.002119465415280333,-0.0,-0.0,0.0,-0.12550224324649148,-0.0,0.0,-0.01899545366898889,-0.0,-0.0,0.0,-0.0,0.0,0.0,0.0,-0.0,0.0,0.0,-0.0,0.0,0.0,-0.0,0.0,-0.0,0.0,0.0,0.0,0.0,-0.0,0.0,0.0,0.0,-0.0,-0.0,0.0,-0.0,0.0,0.0
184,-0.0,-0.0,0.0,0.026822151949951287,0.30078341674252146,-0.10283828058827436,-0.13646753226402591,-0.0,0.0035430903246061437,-0.0,-0.008904143310978935,0.002119465415280333,-0.0,-0.0,0.0,0.4721274864987061,0.0,-0.0,-0.01899545366898889,-0.0,-0.0,0.0,-0.0,0.0,0.0,0.0,-0.0,0.0,0.0,-0.0,0.0,-0.0,0.0,0.0,-0.0,0.0,0.0,0.0,0.0,-0.0,0.0,0.0,0.0,-0.0,-0.0,0.0,-0.0,0.0,0.0
185,-0.0,-0.0,0.0,0.13809308798686715,0.30078341674252146,0.0835322093254199,0.03201090262983323,-0.0,-0.04074553873297061,-0.0,0.2879006337216527,0.002119465415280333,-0.0,-0.0,0.0,1.0697572162439037,-0.0,0.0,-0.01899545366898889,-0.0,-0.0,0.0,-0.0,-0.0,-0.0,0.0,-0.0,0.0,0.0,-0.0,0.0,-0.0,-0.0,0.0,-0.0,0.0,0.0,0.0,-0.0,-0.0,0.0,0.0,0.0,-0.0,-0.0,-0.0,-0.0,-0.0,0.0
187,-0.0,-0.0,0.0,0.13223672293229263,0.30078341674252146,-0.007263670376123466,0.03201090262983323,-0.0,0.047831719382182905,-0.0,-0.008904143310978935,-0.009655342447388172,0.0,-0.0,0.0,-0.12550224324649148,0.0,0.0,0.028493180503483335,-0.0,-0.0,0.0,-0.0,0.0,0.0,0.0,-0.0,0.0,0.0,-0.0,0.0,0.0,-0.0,0.0,-0.0,0.0,0.0,0.0,0.0,-0.0,0.0,0.0,0.0,-0.0,-0.0,0.0,-0.0,0.0,0.0
190,-0.0,-0.0,-0.0,-0.07273605397781553,-0.6490589519180724,-0.026378592418553646,0.20048933752369236,-0.0,0.047831719382182905,-0.0,-0.10783906898852282,0.002119465415280333,-0.0,-0.0,0.0,0.4721274864987061,0.0,0.0,0.028493180503483335,-0.0,-0.0,0.0,-0.0,0.0,0.0,0.0,-0.0,0.0,0.0,-0.0,0.0,-0.0,-0.0,0.0,-0.0,0.0,0.0,0.0,0.0,-0.0,0.0,0.0,0.0,0.0,-0.0,0.0,-0.0,0.0,0.0
191,-0.0,-0.0,0.0,0.02096578689537677,0.30078341674252146,-0.055050975482198915,-0.05222831481709634,-0.0,-0.04074553873297061,-0.0,-0.10783906898852282,0.002119465415280333,-0.0,-0.0,-0.0,1.0697572162439037,0.0,0.0,0.028493180503483335,-0.0,-0.0,0.0,-0.0,-0.0,-0.0,0.0,-0.0,0.0,0.0,-0.0,0.0,-0.0,0.0,0.0,-0.0,0.0,0.0,0.0,0.0,-0.0,0.0,0.0,0.0,-0.0,-0.0,-0.0,-0.0,-0.0,0.0
192,-0.0,-0.0,0.0,0.13223672293229263,0.30078341674252146,0.0835322093254199,-0.05222831481709634,-0.0,-0.04074553873297061,-0.0,0.1889657080441088,0.002119465415280333,0.0,-0.0,-0.0,1.0697572162439037,0.0,0.0,0.028493180503483335,-0.0,-0.0,0.0,-0.0,-0.0,-0.0,0.0,-0.0,0.0,0.0,-0.0,0.0,0.0,-0.0,0.0,-0.0,0.0,0.0,0.0,0.0,-0.0,0.0,0.0,0.0,-0.0,-0.0,-0.0,-0.0,-0.0,0.0
193,-0.0,-0.0,0.0,0.08538580249569648,0.30078341674252146,-0.026378592418553646,-0.05222831481709634,-0.0,0.047831719382182905,-0.0,0.1889657080441088,0.002119465415280333,-0.0,0.0,-0.0,1.0697572162439037,-0.0,0.0,-0.01899545366898889,-0.0,0.0,0.0,-0.0,-0.0,0.0,0.0,-0.0,0.0,0.0,-0.0,0.0,-0.0,0.0,0.0,-0.0,0.0,0.0,0.0,0.0,-0.0,0.0,0.0,0.0,-0.0,-0.0,-0.0,-0.0,-0.0,0.0
195,-0.0,-0.0,0.0,0.07952943744112195,0.30078341674252146,-0.026378592418553646,0.20048933752369236,-0.0,0.0035430903246061437,-0.0,0.1889657080441088,0.025669081140617344,0.0,0.0,0.0,-0.7231319729916891,0.0,-0.0,-0.01899545366898889,-0.0,-0.0,0.0,-0.0,-0.0,-0.0,0.0,-0.0,0.0,0.0,-0.0,0.0,-0.0,-0.0,0.0,-0.0,0.0,0.0,0.0,0.0,-0.0,0.0,0.0,0.0,-0.0,0.0,0.0,-0.0,0.0,0.0
196,-0.0,0.0,-0.0,0.05024761216824936,0.30078341674252146,-0.007263670376123466,0.20048933752369236,-0.0,-0.08503416779054737,0.0,0.09003078236656493,0.002119465415280333,-0.0,-0.0,-0.0,1.0697572162439037,0.0,0.0,0.028493180503483335,-0.0,0.0,0.0,-0.0,-0.0,0.0,0.0,-0.0,0.0,0.0,-0.0,0.0,-0.0,0.0,0.0,-0.0,0.0,0.0,0.0,0.0,-0.0,0.0,0.0,0.0,-0.0,-0.0,0.0,-0.0,0.0,0.0
204,-0.0,0.0,0.0,0.02096578689537677,0.30078341674252146,0.09786840085724252,0.03201090262983323,-0.0,0.047831719382182905,-0.0,0.2879006337216527,0.002119465415280333,-0.0,-0.0,0.0,-0.12550224324649148,-0.0,0.0,-0.01899545366898889,-0.0,0.0,0.0,-0.0,-0.0,0.0,0.0,-0.0,0.0,0.0,-0.0,0.0,-0.0,-0.0,-0.0,-0.0,0.0,0.0,0.0,0.0,-0.0,0.0,0.0,0.0,-0.0,-0.0,0.0,-0.0,0.0,0.0
205,-0.0,-0.0,-0.0,-0.07273605397781553,0.30078341674252146,0.05008109575116707,-0.13646753226402591,-0.0,-0.04074553873297061,-0.0,-0.10783906898852282,0.002119465415280333,-0.0,-0.0,0.0,1.0697572162439037,0.0,0.0,0.028493180503483335,-0.0,-0.0,0.0,-0.0,-0.0,-0.0,0.0,-0.0,0.0,0.0,-0.0,0.0,0.0,-0.0,0.0,-0.0,0.0,0.0,0.0,0.0,-0.0,0.0,0.0,0.0,-0.0,-0.0,0.0,-0.0,0.0,0.0
210,-0.0,-0.0,-0.0,-0.07273605397781553,-0.6490589519180724,0.0739747483042048,-0.05222831481709634,-0.0,-0.12932279684812414,-0.0,-0.2067739946660667,0.025669081140617344,-0.0,-0.0,0.0,-0.12550224324649148,0.0,-0.0,-0.01899545366898889,-0.0,0.0,0.0,-0.0,-0.0,0.0,0.0,-0.0,0.0,0.0,-0.0,-0.0,-0.0,-0.0,0.0,-0.0,0.0,0.0,0.0,0.0,-0.0,0.0,0.0,0.0,-0.0,-0.0,0.0,-0.0,0.0,0.0
212,-0.0,-0.0,-0.0,-0.07273605397781553,0.30078341674252146,-0.026378592418553646,-0.13646753226402591,-0.0,0.047831719382182905,-0.0,0.2879006337216527,0.002119465415280333,-0.0,-0.0,-0.0,0.4721274864987061,-0.0,0.0,-0.01899545366898889,-0.0,-0.0,0.0,-0.0,-0.0,-0.0,0.0,-0.0,0.0,0.0,-0.0,0.0,-0.0,-0.0,0.0,-0.0,0.0,0.0,0.0,-0.0,-0.0,0.0,0.0,0.0,-0.0,-0.0,0.0,-0.0,0.0,0.0
215,-0.0,-0.0,-0.0,-0.07273605397781553,-0.6490589519180724,-0.06938716701402155,0.20048933752369236,-0.0,0.047831719382182905,0.0,-0.2067739946660667,0.03744388900328585,-0.0,0.0,0.0,-0.7231319729916891,0.0,-0.0,-0.01899545366898889,-0.0,-0.0,0.0,-0.0,0.0,0.0,0.0,-0.0,0.0,0.0,-0.0,0.0,-0.0,-0.0,0.0,-0.0,0.0,0.0,0.0,0.0,-0.0,-0.0,0.0,0.0,-0.0,-0.0,0.0,0.0,-0.0,0.0
219,-0.0,-0.0,0.0,0.13223672293229263,0.30078341674252146,-0.026378592418553646,-0.13646753226402591,-0.0,0.047831719382182905,-0.0,0.1889657080441088,-0.009655342447388172,-0.0,-0.0,-0.0,-0.12550224324649148,-0.0,0.0,-0.01899545366898889,-0.0,-0.0,0.0,-0.0,-0.0,-0.0,0.0,-0.0,0.0,0.0,-0.0,0.0,0.0,-0.0,0.0,-0.0,0.0,0.0,0.0,0.0,-0.0,0.0,0.0,0.0,-0.0,-0.0,0.0,-0.0,0.0,0.0
220,-0.0,-0.0,0.0,0.08538580249569648,-0.3324448290312078,0.05963855677238217,0.20048933752369236,-0.0,0.0035430903246061437,0.0,0.2879006337216527,-0.009655342447388172,0.0,-0.0,-0.0,-0.7231319729916891,0.0,0.0,0.028493180503483335,-0.0,0.0,0.0,-0.0,-0.0,0.0,0.0,-0.0,0.0,0.0,-0.0,0.0,0.0,-0.0,0.0,-0.0,0.0,0.0,0.0,0.0,-0.0,0.0,0.0,0.0,-0.0,-0.0,0.0,-0.0,0.0,0.0
222,-0.0,-0.0,-0.0,-0.07273605397781553,0.30078341674252146,0.011851251666306713,0.03201090262983323,-0.0,0.047831719382182905,0.0,0.1889657080441088,-0.02143015031005668,0.0,-0.0,-0.0,-0.12550224324649148,-0.0,0.0,-0.01899545366898889,-0.0,-0.0,0.0,-0.0,0.0,0.0,0.0,-0.0,0.0,0.0,-0.0,0.0,0.0,-0.0,0.0,-0.0,0.0,0.0,0.0,0.0,-0.0,0.0,0.0,0.0,-0.0,-0.0,-0.0,-0.0,-0.0,0.0
227,-0.0,-0.0,-0.0,-0.07273605397781553,0.30078341674252146,0.0835322093254199,0.20048933752369236,-0.0,0.047831719382182905,-0.0,-0.008904143310978935,0.002119465415280333,-0.0,0.0,-0.0,-0.7231319729916891,0.0,0.0,0.028493180503483335,-0.0,-0.0,0.0,-0.0,0.0,0.0,0.0,-0.0,0.0,0.0,-0.0,0.0,0.0,-0.0,0.0,-0.0,0.0,0.0,0.0,0.0,-0.0,0.0,0.0,0.0,-0.0,-0.0,0.0,-0.0,0.0,0.0
229,0.0,-0.0,0.0,0.02096578689537677,0.30078341674252146,0.10264713136785007,0.11625012007676279,0.0,0.047831719382182905,-0.0,-0.2067739946660667,0.002119465415280333,-0.0,-0.0,-0.0,-0.7231319729916891,0.0,-0.0,-0.01899545366898889,-0.0,-0.0,0.0,-0.0,0.0,0.0,0.0,-0.0,0.0,0.0,-0.0,0.0,-0.0,0.0,0.0,-0.0,0.0,0.0,0.0,0.0,-0.0,0.0,0.0,0.0,-0.0,-0.0,0.0,-0.0,0.0,0.0
232,0.0,-0.0,-0.0,-0.07273605397781553,-0.6490589519180724,0.04530236524055953,0.11625012007676279,0.0,-0.12932279684812414,0.0,-0.2067739946660667,0.002119465415280333,-0.0,-0.0,-0.0,-0.7231319729916891,0.0,0.0,0.028493180503483335,-0.0,-0.0,0.0,-0.0,-0.0,0.0,-0.0,-0.0,0.0,0.0,-0.0,0.0,-0.0,-0.0,0.0,-0.0,-0.0,0.0,0.0,0.0,-0.0,0.0,0.0,0.0,-0.0,-0.0,0.0,-0.0,0.0,0.0
245,-0.0,-0.0,0.0,0.02096578689537677,0.30078341674252146,-0.117174472120097,-0.05222831481709634,-0.0,0.047831719382182905,-0.0,0.09003078236656493,0.002119465415280333,-0.0,0.0,0.0,-0.7231319729916891,-0.0,0.0,-0.01899545366898889,-0.0,-0.0,0.0,-0.0,0.0,0.0,0.0,-0.0,0.0,0.0,-0.0,0.0,0.0,-0.0,0.0,-0.0,0.0,0.0,0.0,0.0,-0.0,0.0,0.0,0.0,-0.0,-0.0,-0.0,-0.0,-0.0,0.0
246,-0.0,-0.0,-0.0,-0.07273605397781553,-0.6490589519180724,0.09308967034663498,0.20048933752369236,-0.0,0.0035430903246061437,-0.0,-0.2067739946660667,0.002119465415280333,0.0,0.0,0.0,-0.12550224324649148,0.0,-0.0,-0.01899545366898889,-0.0,-0.0,0.0,-0.0,-0.0,-0.0,0.0,-0.0,0.0,0.0,-0.0,0.0,-0.0,-0.0,0.0,-0.0,0.0,0.0,0.0,-0.0,-0.0,0.0,0.0,0.0,-0.0,-0.0,0.0,-0.0,0.0,0.0
247,-0.0,-0.0,-0.0,-0.07273605397781553,-0.6490589519180724,-0.026378592418553646,0.03201090262983323,-0.0,-0.04074553873297061,-0.0,0.09003078236656493,-0.02143015031005668,0.0,0.0,-0.0,-0.7231319729916891,0.0,0.0,0.028493180503483335,-0.0,0.0,0.0,-0.0,-0.0,0.0,0.0,-0.0,-0.0,0.0,-0.0,0.0,-0.0,-0.0,0.0,-0.0,0.0,0.0,0.0,0.0,-0.0,0.0,0.0,0.0,-0.0,-0.0,-0.0,-0.0,-0.0,0.0
250,-0.0,0.0,-0.0,-0.07273605397781553,-0.6490589519180724,-0.026378592418553646,-0.13646753226402591,-0.0,-0.08503416779054737,0.0,-0.2067739946660667,-0.009655342447388172,0.0,-0.0,0.0,-0.7231319729916891,-0.0,0.0,-0.01899545366898889,-0.0,0.0,0.0,-0.0,-0.0,0.0,0.0,-0.0,0.0,0.0,-0.0,0.0,0.0,-0.0,0.0,-0.0,0.0,0.0,0.0,0.0,-0.0,0.0,0.0,0.0,-0.0,-0.0,0.0,-0.0,0.0,0.0
255,-0.0,-0.0,0.0,0.13223672293229263,0.30078341674252146,-0.05027224497159137,-0.05222831481709634,-0.0,0.047831719382182905,-0.0,-0.2067739946660667,0.002119465415280333,-0.0,-0.0,0.0,-0.7231319729916891,0.0,-0.0,-0.01899545366898889,-0.0,-0.0,0.0,-0.0,0.0,0.0,0.0,-0.0,0.0,0.0,-0.0,0.0,0.0,-0.0,0.0,-0.0,0.0,0.0,0.0,0.0,-0.0,0.0,0.0,0.0,-0.0,-0.0,-0.0,-0.0,-0.0,0.0
272,-0.0,-0.0,0.0,0.07952943744112195,-0.3324448290312078,-0.026378592418553646,0.20048933752369236,-0.0,-0.04074553873297061,0.0,-0.10783906898852282,0.002119465415280333,-0.0,-0.0,0.0,-0.7231319729916891,-0.0,0.0,-0.01899545366898889,-0.0,0.0,0.0,-0.0,-0.0,0.0,0.0,-0.0,0.0,0.0,-0.0,0.0,-0.0,0.0,0.0,-0.0,0.0,0.0,0.0,0.0,-0.0,0.0,0.0,0.0,-0.0,-0.0,0.0,-0.0,0.0,0.0
275,-0.0,-0.0,0.0,0.12052399282314359,0.30078341674252146,0.06919601779359726,0.20048933752369236,-0.0,0.047831719382182905,0.0,0.09003078236656493,0.002119465415280333,-0.0,0.0,0.0,-0.12550224324649148,0.0,-0.0,-0.01899545366898889,-0.0,0.0,0.0,-0.0,-0.0,0.0,0.0,-0.0,0.0,0.0,-0.0,0.0,-0.0,0.0,0.0,-0.0,0.0,0.0,0.0,0.0,-0.0,0.0,0.0,0.0,-0.0,-0.0,0.0,-0.0,0.0,0.0
276,-0.0,-0.0,0.0,0.06781670733197293,-0.6490589519180724,-0.08850208905645174,0.20048933752369236,0.0,-0.08503416779054737,-0.0,-0.10783906898852282,-0.02143015031005668,0.0,-0.0,-0.0,0.4721274864987061,0.0,0.0,0.028493180503483335,-0.0,0.0,0.0,-0.0,-0.0,0.0,0.0,-0.0,0.0,0.0,-0.0,0.0,-0.0,-0.0,-0.0,-0.0,0.0,0.0,0.0,0.0,-0.0,0.0,0.0,0.0,-0.0,-0.0,-0.0,-0.0,-0.0,0.0
277,-0.0,-0.0,0.0,0.07952943744112195,0.30078341674252146,-0.026378592418553646,0.20048933752369236,-0.0,-0.04074553873297061,-0.0,0.1889657080441088,-0.02143015031005668,-0.0,-0.0,0.0,-0.7231319729916891,0.0,0.0,0.028493180503483335,-0.0,0.0,0.0,-0.0,-0.0,0.0,0.0,-0.0,0.0,0.0,-0.0,0.0,-0.0,-0.0,0.0,-0.0,0.0,0.0,0.0,0.0,-0.0,0.0,0.0,0.0,-0.0,0.0,0.0,-0.0,0.0,0.0
278,-0.0,-0.0,-0.0,-0.07273605397781553,-0.6490589519180724,-0.007263670376123466,-0.22070674971095547,-0.0,-0.08503416779054737,-0.0,-0.008904143310978935,-0.02143015031005668,-0.0,-0.0,-0.0,-0.12550224324649148,0.0,0.0,0.028493180503483335,-0.0,0.0,0.0,-0.0,-0.0,0.0,0.0,-0.0,-0.0,0.0,-0.0,0.0,-0.0,-0.0,0.0,-0.0,0.0,0.0,0.0,0.0,-0.0,0.0,0.0,0.0,-0.0,-0.0,0.0,-0.0,0.0,0.0
279,-0.0,-0.0,-0.0,-0.07273605397781553,-0.6490589519180724,-0.026378592418553646,0.03201090262983323,-0.0,-0.08503416779054737,-0.0,0.2879006337216527,0.002119465415280333,0.0,0.0,0.0,-0.12550224324649148,0.0,0.0,0.028493180503483335,-0.0,-0.0,0.0,-0.0,-0.0,-0.0,0.0,-0.0,0.0,0.0,-0.0,0.0,0.0,-0.0,0.0,-0.0,0.0,0.0,0.0,0.0,-0.0,0.0,0.0,0.0,-0.0,-0.0,0.0,0.0,-0.0,0.0
281,-0.0,-0.0,-0.0,-0.07273605397781553,0.30078341674252146,0.05008109575116707,-0.05222831481709634,-0.0,-0.08503416779054737,-0.0,-0.10783906898852282,0.002119465415280333,-0.0,-0.0,-0.0,1.0697572162439037,0.0,0.0,0.028493180503483335,-0.0,0.0,0.0,-0.0,-0.0,0.0,0.0,-0.0,0.0,0.0,-0.0,0.0,-0.0,0.0,0.0,-0.0,0.0,0.0,0.0,0.0,-0.0,0.0,0.0,0.0,-0.0,-0.0,0.0,-0.0,0.0,0.0
282,-0.0,-0.0,0.0,0.13223672293229263,-0.015830706144343176,-0.0024849398655159213,0.20048933752369236,0.0,0.047831719382182905,-0.0,-0.008904143310978935,-0.02143015031005668,0.0,-0.0,0.0,-0.12550224324649148,0.0,-0.0,-0.01899545366898889,-0.0,-0.0,0.0,-0.0,-0.0,0.0,0.0,0.0,0.0,0.0,-0.0,0.0,0.0,-0.0,0.0,-0.0,0.0,0.0,0.0,0.0,-0.0,0.0,0.0,0.0,-0.0,-0.0,0.0,0.0,-0.0,0.0
283,-0.0,-0.0,-0.0,-0.07273605397781553,0.30078341674252146,0.030966173708736895,-0.13646753226402591,-0.0,-0.04074553873297061,-0.0,-0.2067739946660667,0.002119465415280333,-0.0,0.0,-0.0,-0.12550224324649148,-0.0,0.0,-0.01899545366898889,-0.0,-0.0,0.0,-0.0,-0.0,-0.0,0.0,-0.0,0.0,0.0,-0.0,0.0,-0.0,-0.0,0.0,-0.0,0.0,-0.0,0.0,0.0,-0.0,0.0,0.0,0.0,-0.0,-0.0,0.0,-0.0,0.0,0.0
284,-0.0,-0.0,-0.0,-0.07273605397781553,-0.6490589519180724,0.0835322093254199,-0.05222831481709634,-0.0,0.047831719382182905,-0.0,-0.008904143310978935,0.002119465415280333,-0.0,-0.0,-0.0,-0.12550224324649148,0.0,-0.0,-0.01899545366898889,-0.0,-0.0,0.0,-0.0,0.0,0.0,0.0,-0.0,0.0,0.0,-0.0,0.0,0.0,-0.0,0.0,-0.0,0.0,0.0,0.0,0.0,-0.0,0.0,0.0,0.0,-0.0,-0.0,0.0,-0.0,0.0,0.0
285,-0.0,-0.0,0.0,0.08538580249569648,0.30078341674252146,-0.06938716701402155,-0.13646753226402591,-0.0,-0.04074553873297061,-0.0,-0.10783906898852282,-0.009655342447388172,-0.0,-0.0,-0.0,1.0697572162439037,0.0,0.0,0.028493180503483335,-0.0,0.0,0.0,-0.0,-0.0,0.0,0.0,-0.0,0.0,0.0,-0.0,0.0,-0.0,0.0,0.0,-0.0,0.0,0.0,0.0,0.0,-0.0,0.0,0.0,0.0,-0.0,-0.0,0.0,-0.0,0.0,0.0
286,-0.0,-0.0,-0.0,-0.07273605397781553,0.30078341674252146,0.0835322093254199,0.11625012007676279,-0.0,-0.04074553873297061,-0.0,0.1889657080441088,-0.009655342447388172,0.0,0.0,-0.0,-0.12550224324649148,-0.0,0.0,-0.01899545366898889,-0.0,-0.0,0.0,-0.0,-0.0,-0.0,0.0,-0.0,0.0,0.0,-0.0,0.0,0.0,-0.0,0.0,-0.0,0.0,0.0,0.0,0.0,-0.0,0.0,0.0,0.0,-0.0,-0.0,0.0,0.0,-0.0,0.0
288,-0.0,-0.0,0.0,0.07952943744112195,0.30078341674252146,0.030966173708736895,0.20048933752369236,-0.0,0.047831719382182905,-0.0,0.09003078236656493,0.002119465415280333,-0.0,-0.0,0.0,-0.7231319729916891,-0.0,0.0,-0.01899545366898889,-0.0,-0.0,0.0,-0.0,0.0,0.0,0.0,-0.0,0.0,0.0,-0.0,0.0,-0.0,0.0,0.0,-0.0,0.0,0.0,0.0,0.0,-0.0,0.0,0.0,0.0,-0.0,-0.0,0.0,-0.0,0.0,0.0
289,-0.0,-0.0,0.0,0.08538580249569648,0.30078341674252146,-0.007263670376123466,-0.05222831481709634,-0.0,-0.08503416779054737,-0.0,-0.10783906898852282,-0.009655342447388172,-0.0,-0.0,0.0,-0.7231319729916891,0.0,0.0,0.028493180503483335,-0.0,-0.0,0.0,-0.0,0.0,0.0,0.0,-0.0,0.0,0.0,-0.0,0.0,-0.0,-0.0,-0.0,-0.0,0.0,0.0,0.0,0.0,-0.0,0.0,0.0,0.0,-0.0,-0.0,0.0,-0.0,0.0,0.0
291,-0.0,-0.0,-0.0,-0.07273605397781553,0.30078341674252146,-0.1267319331413121,0.20048933752369236,-0.0,0.047831719382182905,0.0,0.09003078236656493,0.002119465415280333,-0.0,-0.0,0.0,-0.12550224324649148,0.0,-0.0,-0.01899545366898889,-0.0,-0.0,0.0,-0.0,-0.0,-0.0,0.0,-0.0,0.0,0.0,-0.0,0.0,-0.0,-0.0,0.0,-0.0,0.0,0.0,0.0,0.0,-0.0,-0.0,0.0,0.0,-0.0,-0.0,0.0,-0.0,0.0,0.0
292,-0.0,-0.0,-0.0,-0.07273605397781553,0.30078341674252146,-0.06938716701402155,0.20048933752369236,-0.0,0.047831719382182905,-0.0,-0.10783906898852282,-0.02143015031005668,-0.0,-0.0,0.0,-0.12550224324649148,-0.0,0.0,-0.01899545366898889,-0.0,-0.0,0.0,-0.0,0.0,0.0,0.0,-0.0,0.0,0.0,-0.0,0.0,0.0,-0.0,0.0,-0.0,0.0,0.0,0.0,0.0,-0.0,0.0,0.0,0.0,-0.0,-0.0,-0.0,-0.0,-0.0,0.0
293,-0.0,-0.0,-0.0,-0.07273605397781553,0.30078341674252146,0.0835322093254199,-0.13646753226402591,-0.0,0.047831719382182905,0.0,-0.10783906898852282,0.002119465415280333,-0.0,-0.0,-0.0,1.0697572162439037,0.0,0.0,0.028493180503483335,-0.0,-0.0,0.0,-0.0,0.0,0.0,0.0,-0.0,0.0,0.0,-0.0,0.0,0.0,-0.0,0.0,-0.0,0.0,0.0,0.0,0.0,-0.0,0.0,0.0,0.0,-0.0,-0.0,0.0,-0.0,0.0,0.0
295,-0.0,-0.0,0.0,0.05024761216824936,0.30078341674252146,-0.06938716701402155,0.03201090262983323,-0.0,0.047831719382182905,-0.0,0.09003078236656493,-0.009655342447388172,-0.0,-0.0,0.0,-0.7231319729916891,-0.0,0.0,-0.01899545366898889,-0.0,-0.0,0.0,-0.0,-0.0,-0.0,0.0,-0.0,0.0,0.0,-0.0,0.0,0.0,-0.0,0.0,-0.0,0.0,0.0,0.0,0.0,-0.0,0.0,0.0,0.0,-0.0,-0.0,-0.0,-0.0,-0.0,0.0
298,-0.0,-0.0,0.0,0.05024761216824936,-0.6490589519180724,0.03574490421934444,-0.13646753226402591,-0.0,0.047831719382182905,-0.0,-0.10783906898852282,-0.009655342447388172,-0.0,0.0,0.0,-0.12550224324649148,-0.0,0.0,-0.01899545366898889,-0.0,-0.0,0.0,-0.0,-0.0,-0.0,0.0,-0.0,0.0,0.0,-0.0,0.0,-0.0,-0.0,0.0,-0.0,0.0,-0.0,0.0,0.0,-0.0,0.0,0.0,0.0,-0.0,-0.0,-0.0,-0.0,-0.0,0.0
299,-0.0,0.0,0.0,0.026822151949951287,-0.6490589519180724,-0.06938716701402155,0.03201090262983323,-0.0,0.0035430903246061437,-0.0,-0.2067739946660667,0.002119465415280333,-0.0,-0.0,-0.0,-0.12550224324649148,0.0,0.0,0.028493180503483335,-0.0,-0.0,0.0,-0.0,-0.0,0.0,-0.0,-0.0,-0.0,0.0,-0.0,0.0,-0.0,-0.0,0.0,-0.0,0.0,0.0,0.0,0.0,-0.0,0.0,0.0,0.0,-0.0,-0.0,0.0,-0.0,0.0,0.0
301,-0.0,-0.0,0.0,0.026822151949951287,0.30078341674252146,-0.05027224497159137,0.20048933752369236,-0.0,-0.08503416779054737,-0.0,-0.2067739946660667,-0.02143015031005668,0.0,0.0,0.0,-0.7231319729916891,-0.0,0.0,-0.01899545366898889,-0.0,-0.0,0.0,-0.0,-0.0,-0.0,0.0,-0.0,0.0,0.0,-0.0,0.0,0.0,-0.0,0.0,-0.0,0.0,0.0,0.0,0.0,-0.0,0.0,0.0,0.0,-0.0,-0.0,0.0,-0.0,0.0,0.0
303,-0.0,0.0,-0.0,-0.07273605397781553,0.30078341674252146,-0.026378592418553646,-0.05222831481709634,-0.0,-0.04074553873297061,-0.0,0.1889657080441088,0.002119465415280333,-0.0,-0.0,0.0,0.4721274864987061,0.0,0.0,0.028493180503483335,-0.0,0.0,0.0,-0.0,-0.0,0.0,0.0,-0.0,0.0,0.0,-0.0,0.0,0.0,-0.0,0.0,-0.0,0.0,0.0,0.0,0.0,-0.0,0.0,0.0,0.0,-0.0,-0.0,0.0,-0.0,0.0,0.0
304,-0.0,0.0,0.0,0.13223672293229263,0.30078341674252146,0.011851251666306713,-0.13646753226402591,-0.0,-0.12932279684812414,-0.0,0.09003078236656493,0.002119465415280333,-0.0,-0.0,-0.0,1.0697572162439037,-0.0,0.0,-0.01899545366898889,-0.0,-0.0,0.0,-0.0,-0.0,-0.0,0.0,-0.0,0.0,0.0,-0.0,0.0,0.0,-0.0,0.0,-0.0,0.0,0.0,0.0,0.0,-0.0,0.0,0.0,0.0,-0.0,-0.0,0.0,-0.0,0.0,0.0
306,-0.0,-0.0,-0.0,-0.07273605397781553,0.30078341674252146,-0.03593605343976874,-0.05222831481709634,-0.0,0.047831719382182905,-0.0,-0.10783906898852282,0.002119465415280333,-0.0,0.0,-0.0,-0.12550224324649148,-0.0,0.0,-0.01899545366898889,-0.0,-0.0,0.0,-0.0,-0.0,-0.0,0.0,-0.0,0.0,0.0,-0.0,0.0,-0.0,-0.0,0.0,-0.0,0.0,0.0,0.0,0.0,-0.0,0.0,0.0,0.0,0.0,-0.0,0.0,-0.0,0.0,0.0
307,-0.0,-0.0,0.0,0.02096578689537677,-0.3324448290312078,0.10264713136785007,-0.13646753226402591,-0.0,0.0035430903246061437,-0.0,-0.2067739946660667,0.025669081140617344,0.0,0.0,0.0,-0.7231319729916891,0.0,0.0,0.028493180503483335,-0.0,-0.0,0.0,-0.0,-0.0,0.0,-0.0,-0.0,0.0,0.0,-0.0,0.0,-0.0,-0.0,0.0,-0.0,0.0,0.0,0.0,0.0,-0.0,0.0,0.0,0.0,-0.0,0.0,0.0,-0.0,0.0,0.0
308,-0.0,-0.0,-0.0,-0.07273605397781553,-0.3324448290312078,-0.026378592418553646,-0.13646753226402591,0.0,0.0035430903246061437,-0.0,-0.2067739946660667,0.002119465415280333,-0.0,-0.0,-0.0,1.0697572162439037,0.0,0.0,0.028493180503483335,-0.0,0.0,0.0,-0.0,-0.0,0.0,0.0,-0.0,0.0,0.0,-0.0,0.0,0.0,-0.0,0.0,-0.0,0.0,0.0,0.0,0.0,-0.0,0.0,0.0,0.0,-0.0,-0.0,0.0,-0.0,0.0,0.0
312,-0.0,-0.0,-0.0,-0.07273605397781553,-0.6490589519180724,-0.09805955007766683,0.20048933752369236,0.0,0.0035430903246061437,0.0,-0.10783906898852282,0.025669081140617344,0.0,0.0,0.0,-0.7231319729916891,-0.0,0.0,-0.01899545366898889,-0.0,-0.0,0.0,-0.0,-0.0,-0.0,0.0,-0.0,0.0,0.0,-0.0,0.0,-0.0,-0.0,-0.0,-0.0,0.0,0.0,0.0,0.0,-0.0,0.0,0.0,0.0,-0.0,-0.0,0.0,-0.0,0.0,0.0
315,-0.0,-0.0,-0.0,-0.07273605397781553,0.30078341674252146,0.05008109575116707,0.03201090262983323,-0.0,-0.04074553873297061,0.0,-0.10783906898852282,0.002119465415280333,-0.0,0.0,0.0,-0.7231319729916891,0.0,0.0,0.028493180503483335,-0.0,-0.0,0.0,-0.0,0.0,0.0,0.0,-0.0,0.0,0.0,-0.0,0.0,-0.0,-0.0,0.0,-0.0,0.0,0.0,0.0,0.0,-0.0,0.0,0.0,0.0,-0.0,-0.0,0.0,-0.0,0.0,0.0
316,-0.0,0.0,-0.0,-0.055166958814091976,0.30078341674252146,-0.007263670376123466,0.20048933752369236,-0.0,-0.04074553873297061,-0.0,0.2879006337216527,0.002119465415280333,-0.0,-0.0,-0.0,0.4721274864987061,-0.0,0.0,-0.01899545366898889,-0.0,-0.0,0.0,-0.0,-0.0,-0.0,0.0,-0.0,0.0,0.0,-0.0,0.0,-0.0,-0.0,0.0,0.0,0.0,0.0,0.0,0.0,-0.0,0.0,0.0,0.0,-0.0,-0.0,0.0,-0.0,0.0,0.0
320,-0.0,-0.0,-0.0,-0.07273605397781553,0.30078341674252146,-0.007263670376123466,0.03201090262983323,-0.0,0.047831719382182905,0.0,-0.2067739946660667,0.002119465415280333,0.0,0.0,0.0,-0.12550224324649148,0.0,0.0,0.028493180503483335,-0.0,0.0,0.0,-0.0,-0.0,0.0,0.0,-0.0,-0.0,0.0,-0.0,0.0,-0.0,-0.0,0.0,-0.0,0.0,0.0,0.0,0.0,-0.0,0.0,0.0,0.0,-0.0,-0.0,-0.0,-0.0,-0.0,0.0
321,-0.0,-0.0,0.0,0.003396691731653211,0.30078341674252146,-0.026378592418553646,0.20048933752369236,0.0,0.047831719382182905,0.0,0.2879006337216527,0.002119465415280333,-0.0,-0.0,0.0,-0.7231319729916891,0.0,0.0,0.028493180503483335,-0.0,-0.0,0.0,-0.0,0.0,0.0,0.0,-0.0,0.0,0.0,-0.0,0.0,-0.0,-0.0,-0.0,-0.0,0.0,0.0,0.0,0.0,-0.0,0.0,0.0,0.0,-0.0,-0.0,-0.0,-0.0,-0.0,0.0
322,-0.0,-0.0,0.0,0.05024761216824936,0.30078341674252146,-0.06938716701402155,-0.05222831481709634,-0.0,0.0035430903246061437,-0.0,-0.2067739946660667,-0.02143015031005668,-0.0,0.0,-0.0,-0.12550224324649148,0.0,0.0,0.028493180503483335,-0.0,-0.0,0.0,-0.0,-0.0,-0.0,0.0,-0.0,0.0,0.0,-0.0,0.0,-0.0,0.0,0.0,-0.0,0.0,0.0,0.0,0.0,-0.0,0.0,0.0,0.0,-0.0,-0.0,0.0,-0.0,-0.0,-0.0
323,-0.0,-0.0,-0.0,-0.07273605397781553,0.30078341674252146,-0.026378592418553646,-0.05222831481709634,-0.0,-0.08503416779054737,0.0,0.2879006337216527,0.002119465415280333,-0.0,0.0,-0.0,-0.12550224324649148,-0.0,0.0,-0.01899545366898889,-0.0,-0.0,0.0,-0.0,-0.0,-0.0,0.0,-0.0,0.0,0.0,-0.0,0.0,0.0,-0.0,0.0,-0.0,0.0,0.0,0.0,0.0,-0.0,0.0,0.0,0.0,-0.0,-0.0,0.0,-0.0,0.0,0.0
325,-0.0,-0.0,0.0,0.05024761216824936,0.30078341674252146,-0.026378592418553646,0.03201090262983323,-0.0,-0.08503416779054737,-0.0,-0.10783906898852282,0.002119465415280333,0.0,-0.0,0.0,-0.12550224324649148,0.0,0.0,0.028493180503483335,-0.0,-0.0,0.0,-0.0,0.0,0.0,0.0,-0.0,0.0,0.0,-0.0,0.0,0.0,-0.0,0.0,-0.0,0.0,0.0,0.0,0.0,-0.0,0.0,0.0,0.0,-0.0,-0.0,0.0,-0.0,0.0,0.0
326,-0.0,-0.0,-0.0,-0.07273605397781553,-0.3324448290312078,-0.08372335854584419,0.20048933752369236,0.0,-0.08503416779054737,-0.0,0.1889657080441088,0.002119465415280333,-0.0,-0.0,0.0,0.4721274864987061,0.0,0.0,0.028493180503483335,-0.0,0.0,0.0,-0.0,-0.0,0.0,0.0,-0.0,0.0,0.0,-0.0,0.0,-0.0,-0.0,-0.0,-0.0,0.0,0.0,0.0,0.0,-0.0,0.0,0.0,0.0,-0.0,-0.0,-0.0,-0.0,-0.0,0.0
332,-0.0,-0.0,0.0,0.07952943744112195,0.30078341674252146,-0.026378592418553646,0.03201090262983323,-0.0,-0.08503416779054737,-0.0,0.1889657080441088,0.002119465415280333,-0.0,0.0,0.0,-0.7231319729916891,0.0,-0.0,-0.01899545366898889,-0.0,0.0,0.0,-0.0,-0.0,0.0,0.0,-0.0,-0.0,0.0,-0.0,0.0,-0.0,-0.0,0.0,-0.0,0.0,0.0,0.0,0.0,-0.0,0.0,0.0,0.0,-0.0,-0.0,-0.0,-0.0,-0.0,0.0
335,-0.0,-0.0,0.0,0.07952943744112195,0.30078341674252146,-0.026378592418553646,-0.13646753226402591,-0.0,0.047831719382182905,-0.0,0.09003078236656493,0.002119465415280333,-0.0,-0.0,0.0,-0.12550224324649148,-0.0,0.0,-0.01899545366898889,-0.0,-0.0,0.0,-0.0,-0.0,-0.0,0.0,-0.0,0.0,0.0,-0.0,0.0,-0.0,0.0,0.0,-0.0,0.0,0.0,0.0,0.0,-0.0,0.0,0.0,0.0,-0.0,-0.0,0.0,-0.0,0.0,0.0
338,-0.0,0.0,0.0,-0.055166958814091976,0.30078341674252146,0.04530236524055953,-0.05222831481709634,0.0,0.047831719382182905,0.0,-0.10783906898852282,-0.02143015031005668,-0.0,-0.0,-0.0,1.0697572162439037,0.0,-0.0,-0.01899545366898889,-0.0,-0.0,0.0,-0.0,-0.0,0.0,0.0,0.0,-0.0,0.0,-0.0,0.0,-0.0,-0.0,0.0,-0.0,0.0,0.0,0.0,0.0,-0.0,0.0,0.0,0.0,-0.0,-0.0,0.0,-0.0,0.0,0.0
344,-0.0,-0.0,0.0,0.07952943744112195,0.30078341674252146,-0.06938716701402155,0.11625012007676279,-0.0,-0.04074553873297061,0.0,-0.008904143310978935,0.002119465415280333,-0.0,0.0,0.0,1.0697572162439037,0.0,0.0,0.028493180503483335,-0.0,0.0,0.0,-0.0,-0.0,0.0,0.0,-0.0,0.0,0.0,-0.0,0.0,-0.0,-0.0,0.0,-0.0,0.0,0.0,0.0,0.0,-0.0,0.0,0.0,0.0,0.0,-0.0,0.0,-0.0,0.0,0.0
345,-0.0,-0.0,0.0,0.02096578689537677,0.30078341674252146,0.0835322093254199,-0.05222831481709634,-0.0,0.047831719382182905,-0.0,0.2879006337216527,-0.02143015031005668,-0.0,-0.0,0.0,1.0697572162439037,-0.0,0.0,-0.01899545366898889,-0.0,-0.0,0.0,-0.0,0.0,0.0,0.0,-0.0,0.0,0.0,-0.0,0.0,-0.0,0.0,0.0,-0.0,0.0,0.0,0.0,0.0,-0.0,0.0,0.0,0.0,-0.0,-0.0,0.0,-0.0,0.0,0.0
346,-0.0,-0.0,0.0,0.08538580249569648,0.30078341674252146,0.0835322093254199,0.11625012007676279,-0.0,0.047831719382182905,-0.0,0.2879006337216527,0.002119465415280333,-0.0,0.0,0.0,-0.12550224324649148,0.0,0.0,0.028493180503483335,-0.0,-0.0,0.0,-0.0,0.0,0.0,0.0,-0.0,0.0,0.0,-0.0,0.0,-0.0,0.0,0.0,-0.0,0.0,0.0,0.0,0.0,-0.0,0.0,0.0,0.0,-0.0,-0.0,0.0,-0.0,0.0,0.0
347,-0.0,-0.0,-0.0,-0.07273605397781553,0.30078341674252146,-0.06938716701402155,0.20048933752369236,-0.0,-0.08503416779054737,-0.0,-0.008904143310978935,0.002119465415280333,-0.0,0.0,-0.0,1.0697572162439037,-0.0,0.0,-0.01899545366898889,-0.0,-0.0,0.0,-0.0,0.0,0.0,0.0,-0.0,0.0,0.0,-0.0,0.0,0.0,-0.0,0.0,-0.0,0.0,0.0,0.0,0.0,-0.0,0.0,0.0,0.0,-0.0,-0.0,0.0,-0.0,0.0,0.0
348,0.0,-0.0,0.0,0.02096578689537677,-0.015830706144343176,-0.0024849398655159213,-0.13646753226402591,-0.0,0.047831719382182905,0.0,-0.2067739946660667,0.025669081140617344,-0.0,0.0,0.0,-0.7231319729916891,0.0,-0.0,-0.01899545366898889,-0.0,-0.0,0.0,-0.0,-0.0,0.0,0.0,0.0,0.0,0.0,-0.0,0.0,-0.0,-0.0,0.0,-0.0,0.0,0.0,0.0,0.0,-0.0,0.0,0.0,0.0,-0.0,0.0,0.0,-0.0,0.0,0.0
349,-0.0,-0.0,0.0,0.07952943744112195,0.30078341674252146,-0.06938716701402155,-0.05222831481709634,-0.0,0.047831719382182905,-0.0,-0.008904143310978935,0.025669081140617344,0.0,-0.0,0.0,-0.7231319729916891,0.0,-0.0,-0.01899545366898889,-0.0,-0.0,0.0,-0.0,0.0,0.0,0.0,-0.0,0.0,0.0,-0.0,0.0,-0.0,-0.0,-0.0,-0.0,0.0,0.0,0.0,0.0,-0.0,0.0,0.0,0.0,-0.0,-0.0,0.0,-0.0,0.0,0.0
350,-0.0,-0.0,-0.0,-0.07273605397781553,0.30078341674252146,0.011851251666306713,0.03201090262983323,-0.0,0.047831719382182905,0.0,0.1889657080441088,-0.009655342447388172,0.0,-0.0,-0.0,-0.12550224324649148,-0.0,0.0,-0.01899545366898889,-0.0,-0.0,0.0,-0.0,0.0,0.0,0.0,-0.0,0.0,0.0,-0.0,0.0,0.0,-0.0,0.0,-0.0,0.0,0.0,0.0,0.0,-0.0,0.0,0.0,0.0,-0.0,-0.0,-0.0,-0.0,-0.0,0.0
351,-0.0,-0.0,-0.0,-0.07273605397781553,0.30078341674252146,0.05008109575116707,0.11625012007676279,-0.0,0.047831719382182905,-0.0,-0.008904143310978935,0.002119465415280333,-0.0,-0.0,0.0,-0.12550224324649148,-0.0,0.0,-0.01899545366898889,-0.0,-0.0,0.0,-0.0,0.0,0.0,0.0,-0.0,0.0,0.0,-0.0,0.0,-0.0,0.0,0.0,-0.0,0.0,0.0,0.0,0.0,-0.0,0.0,0.0,0.0,-0.0,-0.0,0.0,-0.0,0.0,0.0
352,-0.0,0.0,-0.0,-0.07273605397781553,0.30078341674252146,-0.026378592418553646,0.20048933752369236,-0.0,-0.08503416779054737,-0.0,-0.008904143310978935,0.002119465415280333,-0.0,-0.0,-0.0,1.0697572162439037,0.0,-0.0,-0.01899545366898889,-0.0,-0.0,0.0,-0.0,-0.0,-0.0,0.0,-0.0,0.0,0.0,-0.0,0.0,-0.0,-0.0,0.0,-0.0,0.0,0.0,0.0,0.0,-0.0,0.0,0.0,0.0,-0.0,0.0,0.0,-0.0,0.0,0.0
353,-0.0,-0.0,-0.0,-0.07273605397781553,0.30078341674252146,-0.08850208905645174,-0.05222831481709634,-0.0,-0.04074553873297061,-0.0,-0.008904143310978935,-0.009655342447388172,-0.0,-0.0,0.0,0.4721274864987061,0.0,0.0,0.028493180503483335,-0.0,-0.0,0.0,-0.0,-0.0,-0.0,0.0,-0.0,0.0,0.0,-0.0,0.0,0.0,-0.0,0.0,-0.0,0.0,0.0,0.0,0.0,-0.0,0.0,0.0,0.0,-0.0,-0.0,0.0,-0.0,0.0,0.0
357,-0.0,0.0,-0.0,-0.07273605397781553,-0.015830706144343176,-0.0024849398655159213,-0.05222831481709634,-0.0,0.047831719382182905,-0.0,-0.10783906898852282,-0.009655342447388172,0.0,0.0,-0.0,0.4721274864987061,0.0,-0.0,-0.01899545366898889,-0.0,-0.0,0.0,-0.0,-0.0,0.0,0.0,0.0,0.0,0.0,-0.0,0.0,-0.0,-0.0,0.0,-0.0,0.0,0.0,0.0,-0.0,-0.0,0.0,0.0,0.0,-0.0,-0.0,-0.0,-0.0,-0.0,0.0
359,-0.0,-0.0,0.0,0.07952943744112195,0.30078341674252146,-0.0741658975246291,-0.13646753226402591,-0.0,0.047831719382182905,0.0,-0.2067739946660667,0.002119465415280333,-0.0,0.0,-0.0,-0.7231319729916891,0.0,-0.0,-0.01899545366898889,-0.0,-0.0,0.0,-0.0,0.0,0.0,0.0,-0.0,0.0,0.0,-0.0,-0.0,-0.0,-0.0,0.0,-0.0,0.0,0.0,0.0,0.0,-0.0,0.0,0.0,0.0,-0.0,-0.0,-0.0,-0.0,-0.0,0.0
360,-0.0,0.0,0.0,-0.0610233238686665,0.30078341674252146,-0.06938716701402155,-0.13646753226402591,-0.0,0.0035430903246061437,-0.0,-0.2067739946660667,0.002119465415280333,-0.0,-0.0,-0.0,1.0697572162439037,0.0,0.0,0.028493180503483335,-0.0,-0.0,0.0,-0.0,-0.0,-0.0,0.0,-0.0,0.0,0.0,-0.0,0.0,0.0,-0.0,0.0,-0.0,0.0,0.0,0.0,0.0,-0.0,0.0,0.0,0.0,-0.0,-0.0,0.0,-0.0,0.0,0.0
363,-0.0,-0.0,-0.0,-0.07273605397781553,0.30078341674252146,0.08831093983602743,0.20048933752369236,-0.0,0.0035430903246061437,-0.0,0.1889657080441088,0.002119465415280333,0.0,0.0,-0.0,-0.12550224324649148,-0.0,0.0,-0.01899545366898889,-0.0,-0.0,0.0,-0.0,-0.0,-0.0,0.0,-0.0,0.0,0.0,-0.0,0.0,0.0,-0.0,0.0,-0.0,0.0,0.0,0.0,0.0,-0.0,0.0,0.0,0.0,-0.0,-0.0,-0.0,-0.0,-0.0,0.0
368,-0.0,-0.0,-0.0,-0.07273605397781553,-0.6490589519180724,0.0835322093254199,0.20048933752369236,0.0,0.047831719382182905,0.0,-0.2067739946660667,-0.009655342447388172,0.0,0.0,0.0,-0.7231319729916891,0.0,-0.0,-0.01899545366898889,-0.0,-0.0,0.0,-0.0,0.0,0.0,0.0,-0.0,-0.0,0.0,-0.0,0.0,-0.0,-0.0,0.0,-0.0,0.0,0.0,0.0,0.0,-0.0,0.0,0.0,0.0,-0.0,-0.0,-0.0,-0.0,-0.0,0.0
369,-0.0,-0.0,0.0,0.05024761216824936,0.30078341674252146,-0.026378592418553646,0.11625012007676279,-0.0,-0.08503416779054737,-0.0,0.2879006337216527,-0.02143015031005668,0.0,-0.0,0.0,-0.12550224324649148,-0.0,0.0,-0.01899545366898889,-0.0,-0.0,0.0,-0.0,-0.0,-0.0,0.0,-0.0,0.0,0.0,-0.0,0.0,-0.0,-0.0,0.0,-0.0,0.0,0.0,0.0,-0.0,-0.0,0.0,0.0,0.0,-0.0,-0.0,0.0,-0.0,0.0,0.0
370,-0.0,-0.0,0.0,0.16737491325973974,0.30078341674252146,-0.026378592418553646,-0.13646753226402591,-0.0,-0.08503416779054737,0.0,-0.008904143310978935,0.002119465415280333,-0.0,-0.0,-0.0,-0.12550224324649148,-0.0,0.0,-0.01899545366898889,-0.0,-0.0,0.0,-0.0,-0.0,-0.0,0.0,-0.0,0.0,0.0,-0.0,0.0,0.0,-0.0,0.0,-0.0,0.0,0.0,0.0,0.0,-0.0,0.0,0.0,0.0,-0.0,-0.0,0.0,-0.0,0.0,0.0
372,-0.0,-0.0,0.0,0.08538580249569648,0.30078341674252146,-0.026378592418553646,0.03201090262983323,-0.0,-0.08503416779054737,-0.0,0.09003078236656493,-0.02143015031005668,0.0,-0.0,0.0,-0.7231319729916891,0.0,-0.0,-0.01899545366898889,-0.0,-0.0,0.0,-0.0,0.0,0.0,0.0,-0.0,0.0,0.0,-0.0,0.0,0.0,-0.0,0.0,-0.0,0.0,0.0,0.0,0.0,-0.0,0.0,0.0,0.0,-0.0,-0.0,0.0,-0.0,0.0,0.0
374,-0.0,-0.0,0.0,0.07952943744112195,0.30078341674252146,-0.026378592418553646,0.11625012007676279,-0.0,0.0035430903246061437,0.0,-0.2067739946660667,0.002119465415280333,0.0,-0.0,0.0,1.0697572162439037,0.0,0.0,0.028493180503483335,-0.0,-0.0,0.0,-0.0,-0.0,-0.0,0.0,-0.0,0.0,0.0,-0.0,0.0,-0.0,-0.0,0.0,-0.0,0.0,0.0,0.0,0.0,-0.0,0.0,0.0,0.0,0.0,-0.0,0.0,-0.0,0.0,0.0
380,-0.0,-0.0,0.0,0.09709853260484552,0.30078341674252146,-0.007263670376123466,-0.05222831481709634,-0.0,-0.08503416779054737,-0.0,-0.008904143310978935,0.025669081140617344,0.0,-0.0,0.0,-0.12550224324649148,-0.0,0.0,-0.01899545366898889,-0.0,-0.0,0.0,-0.0,-0.0,-0.0,0.0,-0.0,0.0,0.0,-0.0,0.0,0.0,-0.0,0.0,-0.0,0.0,0.0,0.0,0.0,-0.0,0.0,0.0,0.0,-0.0,-0.0,-0.0,-0.0,-0.0,0.0
384,-0.0,-0.0,0.0,0.02096578689537677,0.30078341674252146,-0.026378592418553646,-0.05222831481709634,-0.0,-0.04074553873297061,-0.0,0.09003078236656493,0.002119465415280333,-0.0,-0.0,0.0,-0.7231319729916891,-0.0,0.0,-0.01899545366898889,-0.0,-0.0,0.0,-0.0,-0.0,-0.0,0.0,-0.0,0.0,0.0,-0.0,0.0,-0.0,0.0,0.0,-0.0,0.0,0.0,0.0,0.0,-0.0,0.0,0.0,0.0,-0.0,-0.0,0.0,-0.0,0.0,0.0
385,-0.0,-0.0,0.0,0.08538580249569648,-0.015830706144343176,-0.0024849398655159213,0.20048933752369236,0.0,0.047831719382182905,-0.0,0.09003078236656493,0.002119465415280333,-0.0,0.0,0.0,-0.12550224324649148,0.0,-0.0,-0.01899545366898889,-0.0,-0.0,0.0,0.0,-0.0,0.0,0.0,-0.0,0.0,0.0,-0.0,0.0,-0.0,-0.0,0.0,-0.0,0.0,0.0,0.0,0.0,-0.0,0.0,0.0,0.0,0.0,-0.0,0.0,-0.0,0.0,0.0
391,-0.0,-0.0,0.0,0.05024761216824936,-0.3324448290312078,-0.08372335854584419,0.11625012007676279,-0.0,0.0035430903246061437,0.0,-0.008904143310978935,0.002119465415280333,0.0,-0.0,-0.0,1.0697572162439037,0.0,0.0,0.028493180503483335,-0.0,0.0,0.0,-0.0,-0.0,0.0,0.0,-0.0,0.0,0.0,-0.0,0.0,-0.0,-0.0,0.0,-0.0,0.0,0.0,0.0,0.0,-0.0,0.0,0.0,0.0,0.0,-0.0,0.0,-0.0,0.0,0.0
392,-0.0,-0.0,0.0,0.08538580249569648,-0.6490589519180724,-0.026378592418553646,0.11625012007676279,-0.0,-0.08503416779054737,-0.0,-0.2067739946660667,-0.009655342447388172,0.0,0.0,0.0,-0.7231319729916891,0.0,-0.0,-0.01899545366898889,-0.0,-0.0,0.0,-0.0,-0.0,-0.0,0.0,-0.0,0.0,0.0,-0.0,-0.0,-0.0,-0.0,0.0,-0.0,0.0,0.0,0.0,0.0,-0.0,0.0,0.0,0.0,-0.0,-0.0,-0.0,-0.0,-0.0,0.0
396,0.0,-0.0,0.0,0.08538580249569648,0.30078341674252146,-0.05027224497159137,-0.13646753226402591,-0.0,-0.12932279684812414,-0.0,-0.10783906898852282,-0.02143015031005668,0.0,-0.0,-0.0,-0.7231319729916891,0.0,-0.0,-0.01899545366898889,-0.0,-0.0,0.0,-0.0,-0.0,-0.0,0.0,-0.0,0.0,0.0,-0.0,0.0,-0.0,0.0,0.0,-0.0,0.0,0.0,0.0,0.0,-0.0,0.0,0.0,0.0,-0.0,-0.0,0.0,-0.0,0.0,0.0
397,-0.0,-0.0,0.0,0.07952943744112195,-0.6490589519180724,-0.026378592418553646,-0.13646753226402591,-0.0,-0.08503416779054737,-0.0,-0.2067739946660667,0.002119465415280333,-0.0,-0.0,-0.0,-0.12550224324649148,0.0,-0.0,-0.01899545366898889,-0.0,-0.0,0.0,-0.0,-0.0,-0.0,0.0,-0.0,0.0,0.0,-0.0,0.0,0.0,-0.0,0.0,-0.0,0.0,0.0,0.0,0.0,-0.0,0.0,0.0,0.0,-0.0,-0.0,0.0,-0.0,0.0,0.0
400,-0.0,-0.0,0.0,0.13223672293229263,0.30078341674252146,-0.007263670376123466,-0.05222831481709634,-0.0,-0.08503416779054737,-0.0,0.2879006337216527,0.002119465415280333,-0.0,-0.0,0.0,-0.7231319729916891,0.0,0.0,0.028493180503483335,-0.0,-0.0,0.0,-0.0,0.0,0.0,0.0,-0.0,0.0,0.0,-0.0,0.0,0.0,-0.0,0.0,-0.0,0.0,0.0,0.0,0.0,-0.0,0.0,0.0,0.0,-0.0,-0.0,0.0,-0.0,0.0,0.0
401,-0.0,-0.0,0.0,0.05024761216824936,0.30078341674252146,0.0835322093254199,-0.05222831481709634,-0.0,0.047831719382182905,-0.0,0.2879006337216527,0.002119465415280333,-0.0,-0.0,-0.0,1.0697572162439037,-0.0,0.0,-0.01899545366898889,-0.0,-0.0,0.0,-0.0,-0.0,-0.0,0.0,-0.0,0.0,0.0,-0.0,0.0,0.0,-0.0,0.0,-0.0,0.0,0.0,0.0,0.0,-0.0,0.0,0.0,0.0,-0.0,-0.0,-0.0,-0.0,-0.0,0.0
402,-0.0,-0.0,-0.0,-0.07273605397781553,0.30078341674252146,-0.10283828058827436,-0.05222831481709634,-0.0,0.047831719382182905,-0.0,-0.2067739946660667,-0.02143015031005668,0.0,-0.0,-0.0,-0.12550224324649148,0.0,-0.0,-0.01899545366898889,-0.0,-0.0,0.0,-0.0,0.0,0.0,0.0,-0.0,0.0,0.0,-0.0,0.0,-0.0,0.0,0.0,-0.0,0.0,0.0,0.0,0.0,-0.0,0.0,0.0,0.0,-0.0,-0.0,0.0,-0.0,-0.0,-0.0
404,-0.0,-0.0,-0.0,-0.07273605397781553,0.30078341674252146,-0.059829705992806466,-0.05222831481709634,-0.0,0.047831719382182905,-0.0,0.2879006337216527,0.002119465415280333,-0.0,-0.0,0.0,-0.12550224324649148,-0.0,0.0,-0.01899545366898889,-0.0,-0.0,0.0,-0.0,0.0,0.0,0.0,-0.0,0.0,0.0,-0.0,0.0,-0.0,0.0,0.0,-0.0,0.0,0.0,0.0,0.0,-0.0,0.0,0.0,0.0,-0.0,-0.0,0.0,-0.0,0.0,0.0
409,-0.0,-0.0,-0.0,-0.07273605397781553,-0.6490589519180724,0.0644172872829897,0.03201090262983323,-0.0,0.047831719382182905,-0.0,-0.008904143310978935,-0.02143015031005668,0.0,-0.0,-0.0,-0.7231319729916891,0.0,-0.0,-0.01899545366898889,-0.0,-0.0,0.0,-0.0,-0.0,-0.0,0.0,-0.0,0.0,0.0,-0.0,0.0,-0.0,-0.0,0.0,-0.0,0.0,-0.0,0.0,0.0,-0.0,0.0,0.0,0.0,-0.0,-0.0,0.0,-0.0,0.0,0.0
419,-0.0,-0.0,-0.0,-0.07273605397781553,0.30078341674252146,-0.026378592418553646,0.03201090262983323,-0.0,0.047831719382182905,-0.0,0.09003078236656493,-0.02143015031005668,0.0,-0.0,0.0,-0.7231319729916891,-0.0,0.0,-0.01899545366898889,-0.0,-0.0,0.0,-0.0,-0.0,-0.0,0.0,-0.0,0.0,0.0,-0.0,0.0,0.0,-0.0,0.0,-0.0,0.0,0.0,0.0,0.0,-0.0,0.0,0.0,0.0,-0.0,-0.0,0.0,-0.0,0.0,0.0
422,-0.0,-0.0,0.0,0.07952943744112195,-0.6490589519180724,-0.05027224497159137,0.11625012007676279,-0.0,0.047831719382182905,-0.0,-0.008904143310978935,-0.009655342447388172,0.0,0.0,0.0,-0.7231319729916891,0.0,0.0,0.028493180503483335,-0.0,-0.0,0.0,-0.0,0.0,0.0,0.0,-0.0,0.0,0.0,-0.0,0.0,-0.0,-0.0,0.0,-0.0,0.0,0.0,0.0,0.0,-0.0,0.0,-0.0,0.0,-0.0,-0.0,0.0,-0.0,0.0,0.0
423,-0.0,-0.0,-0.0,-0.07273605397781553,0.30078341674252146,0.026187443198129347,-0.05222831481709634,-0.0,0.047831719382182905,-0.0,-0.10783906898852282,0.025669081140617344,-0.0,0.0,0.0,-0.7231319729916891,0.0,-0.0,-0.01899545366898889,-0.0,-0.0,0.0,-0.0,0.0,0.0,0.0,-0.0,0.0,0.0,-0.0,0.0,0.0,-0.0,0.0,-0.0,0.0,0.0,0.0,0.0,-0.0,0.0,0.0,0.0,-0.0,-0.0,-0.0,-0.0,-0.0,0.0
426,-0.0,-0.0,0.0,0.05024761216824936,-0.6490589519180724,0.026187443198129347,0.03201090262983323,-0.0,-0.04074553873297061,-0.0,0.09003078236656493,-0.02143015031005668,-0.0,0.0,0.0,-0.7231319729916891,0.0,-0.0,-0.01899545366898889,-0.0,-0.0,0.0,-0.0,-0.0,-0.0,0.0,-0.0,0.0,0.0,-0.0,0.0,-0.0,-0.0,0.0,-0.0,0.0,-0.0,0.0,0.0,-0.0,0.0,0.0,0.0,-0.0,-0.0,0.0,-0.0,0.0,0.0
431,-0.0,-0.0,0.0,-0.008316038377495828,0.30078341674252146,-0.026378592418553646,-0.304945967157885,-0.0,0.0035430903246061437,-0.0,0.1889657080441088,-0.02143015031005668,0.0,0.0,-0.0,-0.12550224324649148,-0.0,0.0,-0.01899545366898889,-0.0,-0.0,0.0,-0.0,-0.0,-0.0,0.0,-0.0,-0.0,0.0,-0.0,0.0,-0.0,-0.0,0.0,-0.0,0.0,0.0,0.0,0.0,-0.0,0.0,0.0,0.0,-0.0,-0.0,0.0,-0.0,0.0,0.0
432,-0.0,-0.0,-0.0,-0.07273605397781553,0.30078341674252146,0.011851251666306713,0.20048933752369236,-0.0,0.047831719382182905,-0.0,0.2879006337216527,-0.02143015031005668,-0.0,-0.0,0.0,-0.12550224324649148,-0.0,0.0,-0.01899545366898889,-0.0,-0.0,0.0,-0.0,-0.0,-0.0,0.0,-0.0,0.0,0.0,-0.0,0.0,0.0,-0.0,0.0,-0.0,0.0,0.0,0.0,0.0,-0.0,0.0,0.0,0.0,-0.0,-0.0,0.0,0.0,-0.0,0.0
441,-0.0,0.0,-0.0,-0.07273605397781553,0.30078341674252146,-0.007263670376123466,-0.13646753226402591,-0.0,0.0035430903246061437,0.0,-0.2067739946660667,0.002119465415280333,-0.0,0.0,-0.0,1.0697572162439037,0.0,0.0,0.028493180503483335,-0.0,-0.0,0.0,-0.0,-0.0,-0.0,0.0,-0.0,0.0,0.0,-0.0,0.0,0.0,-0.0,0.0,-0.0,0.0,0.0,0.0,0.0,-0.0,0.0,0.0,0.0,-0.0,-0.0,0.0,-0.0,0.0,0.0
446,-0.0,-0.0,-0.0,-0.07273605397781553,-0.6490589519180724,-0.05027224497159137,-0.05222831481709634,-0.0,0.047831719382182905,-0.0,-0.2067739946660667,0.025669081140617344,-0.0,-0.0,0.0,-0.7231319729916891,0.0,-0.0,-0.01899545366898889,-0.0,-0.0,0.0,-0.0,0.0,0.0,0.0,-0.0,0.0,0.0,-0.0,0.0,-0.0,-0.0,0.0,-0.0,0.0,0.0,0.0,0.0,-0.0,0.0,-0.0,0.0,-0.0,-0.0,-0.0,-0.0,-0.0,0.0
447,-0.0,-0.0,-0.0,-0.07273605397781553,0.30078341674252146,0.0835322093254199,-0.05222831481709634,-0.0,-0.08503416779054737,-0.0,0.1889657080441088,0.025669081140617344,-0.0,-0.0,-0.0,-0.12550224324649148,-0.0,0.0,-0.01899545366898889,-0.0,-0.0,0.0,-0.0,-0.0,-0.0,0.0,-0.0,0.0,0.0,-0.0,0.0,0.0,-0.0,0.0,-0.0,0.0,0.0,0.0,0.0,-0.0,0.0,0.0,0.0,-0.0,-0.0,-0.0,-0.0,-0.0,0.0
448,-0.0,-0.0,-0.0,-0.07273605397781553,0.30078341674252146,0.0835322093254199,0.20048933752369236,-0.0,-0.04074553873297061,0.0,0.2879006337216527,0.025669081140617344,-0.0,-0.0,0.0,-0.12550224324649148,0.0,-0.0,-0.01899545366898889,-0.0,-0.0,0.0,-0.0,-0.0,-0.0,0.0,-0.0,0.0,0.0,-0.0,0.0,0.0,-0.0,0.0,-0.0,0.0,0.0,0.0,0.0,-0.0,0.0,0.0,0.0,-0.0,-0.0,0.0,-0.0,0.0,0.0
449,-0.0,-0.0,0.0,0.08538580249569648,0.30078341674252146,0.0835322093254199,-0.22070674971095547,-0.0,-0.04074553873297061,-0.0,0.1889657080441088,0.002119465415280333,-0.0,-0.0,-0.0,-0.12550224324649148,-0.0,0.0,-0.01899545366898889,-0.0,-0.0,0.0,-0.0,-0.0,-0.0,0.0,-0.0,0.0,0.0,-0.0,0.0,0.0,-0.0,0.0,-0.0,0.0,0.0,0.0,0.0,-0.0,0.0,0.0,0.0,-0.0,-0.0,-0.0,-0.0,-0.0,0.0
451,-0.0,-0.0,-0.0,-0.07273605397781553,0.30078341674252146,-0.026378592418553646,0.03201090262983323,-0.0,0.047831719382182905,-0.0,-0.10783906898852282,0.002119465415280333,-0.0,0.0,0.0,-0.12550224324649148,0.0,0.0,0.028493180503483335,-0.0,-0.0,0.0,-0.0,-0.0,-0.0,0.0,-0.0,0.0,0.0,-0.0,0.0,0.0,-0.0,0.0,-0.0,0.0,0.0,0.0,0.0,-0.0,0.0,0.0,0.0,-0.0,-0.0,0.0,-0.0,0.0,0.0
452,-0.0,-0.0,0.0,0.07952943744112195,0.30078341674252146,-0.045493514460983826,0.03201090262983323,-0.0,-0.08503416779054737,-0.0,-0.008904143310978935,0.002119465415280333,-0.0,-0.0,0.0,-0.7231319729916891,0.0,-0.0,-0.01899545366898889,-0.0,0.0,0.0,-0.0,-0.0,0.0,0.0,-0.0,0.0,0.0,-0.0,0.0,0.0,-0.0,0.0,-0.0,0.0,0.0,0.0,0.0,-0.0,0.0,0.0,0.0,-0.0,-0.0,0.0,-0.0,0.0,0.0
453,-0.0,-0.0,0.0,0.07952943744112195,0.30078341674252146,-0.026378592418553646,0.03201090262983323,-0.0,0.0035430903246061437,-0.0,-0.10783906898852282,0.002119465415280333,-0.0,-0.0,0.0,-0.7231319729916891,0.0,0.0,0.028493180503483335,-0.0,-0.0,0.0,-0.0,0.0,0.0,0.0,-0.0,0.0,0.0,-0.0,0.0,-0.0,0.0,0.0,-0.0,0.0,0.0,0.0,0.0,-0.0,0.0,0.0,0.0,-0.0,-0.0,0.0,-0.0,0.0,0.0
457,-0.0,-0.0,0.0,0.05024761216824936,0.30078341674252146,-0.026378592418553646,0.03201090262983323,-0.0,-0.04074553873297061,-0.0,-0.008904143310978935,0.025669081140617344,0.0,0.0,0.0,-0.12550224324649148,0.0,0.0,0.028493180503483335,-0.0,0.0,0.0,-0.0,-0.0,0.0,0.0,-0.0,0.0,0.0,-0.0,0.0,0.0,-0.0,0.0,-0.0,0.0,0.0,0.0,0.0,-0.0,0.0,0.0,0.0,-0.0,-0.0,-0.0,-0.0,-0.0,0.0
458,-0.0,-0.0,-0.0,-0.07273605397781553,-0.6490589519180724,-0.007263670376123466,0.11625012007676279,-0.0,-0.04074553873297061,0.0,-0.10783906898852282,-0.02143015031005668,0.0,-0.0,-0.0,-0.12550224324649148,0.0,0.0,0.028493180503483335,-0.0,0.0,0.0,-0.0,-0.0,0.0,0.0,-0.0,0.0,0.0,-0.0,0.0,-0.0,-0.0,-0.0,-0.0,0.0,0.0,0.0,0.0,-0.0,0.0,0.0,0.0,-0.0,-0.0,0.0,-0.0,0.0,0.0
459,-0.0,-0.0,-0.0,-0.07273605397781553,0.30078341674252146,0.04530236524055953,0.20048933752369236,-0.0,-0.04074553873297061,-0.0,-0.008904143310978935,-0.009655342447388172,-0.0,-0.0,-0.0,-0.12550224324649148,0.0,0.0,0.028493180503483335,-0.0,-0.0,0.0,-0.0,0.0,0.0,0.0,-0.0,-0.0,0.0,-0.0,0.0,-0.0,-0.0,0.0,-0.0,0.0,0.0,0.0,0.0,-0.0,0.0,0.0,0.0,-0.0,-0.0,-0.0,-0.0,-0.0,0.0
460,-0.0,-0.0,0.0,0.003396691731653211,-0.6490589519180724,-0.026378592418553646,-0.05222831481709634,-0.0,0.047831719382182905,-0.0,0.2879006337216527,0.002119465415280333,-0.0,-0.0,0.0,-0.7231319729916891,-0.0,0.0,-0.01899545366898889,-0.0,-0.0,0.0,-0.0,-0.0,-0.0,0.0,-0.0,-0.0,0.0,-0.0,0.0,-0.0,-0.0,0.0,-0.0,0.0,0.0,0.0,0.0,-0.0,0.0,0.0,0.0,-0.0,-0.0,0.0,-0.0,0.0,0.0
468,-0.0,0.0,-0.0,-0.07273605397781553,-0.6490589519180724,-0.09805955007766683,0.20048933752369236,0.0,0.047831719382182905,-0.0,-0.2067739946660667,0.002119465415280333,-0.0,0.0,-0.0,-0.12550224324649148,0.0,-0.0,-0.01899545366898889,-0.0,-0.0,0.0,-0.0,0.0,0.0,0.0,-0.0,0.0,0.0,-0.0,0.0,-0.0,-0.0,0.0,-0.0,0.0,0.0,0.0,0.0,-0.0,0.0,0.0,-0.0,-0.0,-0.0,0.0,-0.0,0.0,0.0
469,-0.0,-0.0,-0.0,-0.07273605397781553,-0.3324448290312078,0.011851251666306713,0.03201090262983323,0.0,0.0035430903246061437,0.0,-0.2067739946660667,0.03744388900328585,-0.0,0.0,-0.0,-0.12550224324649148,0.0,0.0,0.028493180503483335,-0.0,0.0,0.0,-0.0,-0.0,0.0,0.0,-0.0,0.0,0.0,-0.0,0.0,0.0,-0.0,0.0,-0.0,0.0,0.0,0.0,0.0,-0.0,0.0,0.0,0.0,-0.0,-0.0,0.0,-0.0,0.0,0.0
475,-0.0,0.0,-0.0,-0.07273605397781553,-0.015830706144343176,-0.0024849398655159213,-0.05222831481709634,-0.0,-0.12932279684812414,-0.0,-0.2067739946660667,0.002119465415280333,-0.0,-0.0,-0.0,-0.7231319729916891,0.0,-0.0,-0.01899545366898889,-0.0,-0.0,0.0,-0.0,-0.0,0.0,0.0,0.0,0.0,0.0,-0.0,0.0,-0.0,-0.0,0.0,-0.0,-0.0,0.0,0.0,0.0,-0.0,0.0,0.0,0.0,-0.0,-0.0,0.0,-0.0,0.0,0.0
488,-0.0,-0.0,0.0,0.03267851700452581,0.30078341674252146,-0.026378592418553646,-0.05222831481709634,-0.0,-0.08503416779054737,-0.0,-0.10783906898852282,0.002119465415280333,-0.0,0.0,-0.0,0.4721274864987061,-0.0,0.0,-0.01899545366898889,-0.0,-0.0,0.0,-0.0,-0.0,-0.0,0.0,-0.0,0.0,0.0,-0.0,0.0,0.0,-0.0,0.0,-0.0,0.0,0.0,0.0,0.0,-0.0,0.0,0.0,0.0,-0.0,-0.0,-0.0,-0.0,-0.0,0.0
490,-0.0,-0.0,-0.0,-0.07273605397781553,0.30078341674252146,-0.026378592418553646,-0.05222831481709634,-0.0,-0.08503416779054737,-0.0,-0.10783906898852282,0.002119465415280333,-0.0,0.0,-0.0,-0.12550224324649148,0.0,0.0,0.028493180503483335,-0.0,-0.0,0.0,-0.0,-0.0,-0.0,0.0,-0.0,0.0,0.0,-0.0,0.0,0.0,-0.0,0.0,-0.0,0.0,0.0,0.0,0.0,-0.0,0.0,0.0,0.0,-0.0,-0.0,0.0,-0.0,0.0,0.0
491,-0.0,-0.0,0.0,0.05024761216824936,-0.6490589519180724,0.0835322093254199,0.03201090262983323,0.0,0.0035430903246061437,0.0,0.1889657080441088,0.002119465415280333,-0.0,0.0,-0.0,-0.12550224324649148,0.0,0.0,0.028493180503483335,-0.0,-0.0,0.0,-0.0,-0.0,-0.0,0.0,-0.0,0.0,0.0,-0.0,0.0,-0.0,-0.0,0.0,-0.0,0.0,0.0,0.0,0.0,-0.0,0.0,0.0,0.0,-0.0,-0.0,0.0,-0.0,0.0,0.0
495,-0.0,-0.0,0.0,0.05024761216824936,0.30078341674252146,-0.026378592418553646,0.11625012007676279,-0.0,-0.04074553873297061,-0.0,0.2879006337216527,-0.02143015031005668,0.0,-0.0,0.0,-0.12550224324649148,0.0,0.0,0.028493180503483335,-0.0,0.0,0.0,-0.0,-0.0,0.0,0.0,-0.0,0.0,0.0,-0.0,0.0,-0.0,-0.0,0.0,-0.0,0.0,0.0,0.0,0.0,-0.0,0.0,0.0,0.0,-0.0,0.0,0.0,-0.0,0.0,0.0
510,-0.0,-0.0,0.0,0.07952943744112195,0.30078341674252146,-0.026378592418553646,-0.05222831481709634,-0.0,-0.08503416779054737,-0.0,-0.10783906898852282,0.025669081140617344,-0.0,0.0,-0.0,-0.7231319729916891,0.0,-0.0,-0.01899545366898889,-0.0,0.0,0.0,-0.0,-0.0,0.0,0.0,-0.0,0.0,0.0,-0.0,0.0,0.0,-0.0,0.0,-0.0,0.0,0.0,0.0,0.0,-0.0,0.0,0.0,0.0,-0.0,-0.0,0.0,-0.0,0.0,0.0
511,-0.0,-0.0,0.0,0.14394945304144166,0.30078341674252146,0.040523634729951984,-0.13646753226402591,-0.0,0.047831719382182905,-0.0,-0.2067739946660667,-0.009655342447388172,0.0,0.0,-0.0,-0.7231319729916891,0.0,-0.0,-0.01899545366898889,-0.0,-0.0,0.0,-0.0,0.0,0.0,0.0,-0.0,-0.0,0.0,-0.0,0.0,-0.0,-0.0,0.0,-0.0,0.0,0.0,0.0,0.0,-0.0,0.0,0.0,0.0,-0.0,-0.0,0.0,-0.0,0.0,0.0
515,-0.0,-0.0,-0.0,-0.07273605397781553,-0.6490589519180724,-0.031157322929161194,-0.13646753226402591,-0.0,0.047831719382182905,-0.0,-0.10783906898852282,0.025669081140617344,-0.0,-0.0,0.0,-0.7231319729916891,0.0,-0.0,-0.01899545366898889,-0.0,-0.0,0.0,-0.0,0.0,0.0,0.0,-0.0,-0.0,0.0,-0.0,0.0,-0.0,-0.0,0.0,-0.0,0.0,0.0,0.0,0.0,-0.0,0.0,0.0,0.0,-0.0,-0.0,0.0,-0.0,0.0,0.0
517,-0.0,-0.0,-0.0,-0.07273605397781553,-0.015830706144343176,-0.09805955007766683,0.20048933752369236,0.0,0.047831719382182905,-0.0,-0.008904143310978935,0.002119465415280333,0.0,-0.0,0.0,-0.12550224324649148,0.0,-0.0,-0.01899545366898889,-0.0,-0.0,0.0,-0.0,-0.0,0.0,-0.0,-0.0,0.0,0.0,-0.0,0.0,-0.0,-0.0,-0.0,-0.0,0.0,0.0,0.0,0.0,-0.0,0.0,0.0,0.0,-0.0,-0.0,0.0,-0.0,0.0,0.0
522,-0.0,-0.0,0.0,0.07952943744112195,0.30078341674252146,-0.026378592418553646,-0.13646753226402591,0.0,0.047831719382182905,-0.0,0.09003078236656493,0.002119465415280333,0.0,-0.0,0.0,-0.12550224324649148,0.0,0.0,0.028493180503483335,-0.0,0.0,0.0,-0.0,-0.0,0.0,0.0,-0.0,0.0,0.0,-0.0,0.0,0.0,-0.0,0.0,-0.0,0.0,0.0,0.0,0.0,-0.0,0.0,0.0,0.0,-0.0,-0.0,0.0,0.0,-0.0,0.0
525,-0.0,-0.0,0.0,0.05024761216824936,0.30078341674252146,-0.06938716701402155,0.03201090262983323,-0.0,0.047831719382182905,-0.0,-0.10783906898852282,-0.009655342447388172,-0.0,-0.0,0.0,-0.7231319729916891,0.0,-0.0,-0.01899545366898889,-0.0,-0.0,0.0,-0.0,-0.0,-0.0,0.0,-0.0,0.0,0.0,-0.0,0.0,0.0,-0.0,0.0,-0.0,0.0,0.0,0.0,0.0,-0.0,0.0,0.0,0.0,-0.0,-0.0,-0.0,-0.0,-0.0,0.0
529,-0.0,-0.0,-0.0,-0.07273605397781553,-0.6490589519180724,0.030966173708736895,0.20048933752369236,-0.0,0.047831719382182905,-0.0,-0.008904143310978935,0.002119465415280333,-0.0,-0.0,0.0,-0.12550224324649148,0.0,-0.0,-0.01899545366898889,-0.0,-0.0,0.0,-0.0,-0.0,-0.0,0.0,-0.0,0.0,0.0,-0.0,0.0,0.0,-0.0,0.0,-0.0,0.0,0.0,0.0,0.0,-0.0,0.0,0.0,0.0,-0.0,-0.0,0.0,-0.0,0.0,0.0
531,-0.0,0.0,0.0,0.12052399282314359,0.30078341674252146,-0.09805955007766683,-0.05222831481709634,-0.0,0.047831719382182905,-0.0,0.09003078236656493,0.03744388900328585,0.0,-0.0,0.0,-0.7231319729916891,-0.0,0.0,-0.01899545366898889,-0.0,-0.0,0.0,-0.0,0.0,0.0,0.0,-0.0,0.0,0.0,-0.0,0.0,0.0,-0.0,0.0,-0.0,0.0,0.0,0.0,0.0,-0.0,0.0,0.0,0.0,-0.0,-0.0,0.0,-0.0,0.0,0.0
533,-0.0,-0.0,0.0,0.05024761216824936,0.30078341674252146,-0.026378592418553646,0.03201090262983323,-0.0,-0.08503416779054737,0.0,0.1889657080441088,0.002119465415280333,0.0,-0.0,0.0,-0.12550224324649148,-0.0,0.0,-0.01899545366898889,-0.0,-0.0,0.0,-0.0,0.0,0.0,0.0,-0.0,0.0,0.0,-0.0,0.0,-0.0,-0.0,0.0,-0.0,0.0,-0.0,0.0,0.0,-0.0,0.0,0.0,0.0,-0.0,-0.0,0.0,0.0,-0.0,0.0
536,-0.0,-0.0,0.0,-0.07273605397781553,0.30078341674252146,0.0835322093254199,-0.05222831481709634,-0.0,0.047831719382182905,-0.0,0.1889657080441088,0.002119465415280333,-0.0,0.0,-0.0,-0.12550224324649148,-0.0,0.0,-0.01899545366898889,-0.0,-0.0,0.0,-0.0,0.0,0.0,0.0,-0.0,0.0,0.0,-0.0,0.0,0.0,-0.0,0.0,-0.0,0.0,0.0,0.0,0.0,-0.0,0.0,0.0,0.0,-0.0,-0.0,0.0,-0.0,0.0,0.0
537,-0.0,-0.0,0.0,0.05024761216824936,0.30078341674252146,-0.026378592418553646,0.03201090262983323,-0.0,0.047831719382182905,-0.0,0.09003078236656493,-0.009655342447388172,0.0,-0.0,-0.0,0.4721274864987061,0.0,0.0,0.028493180503483335,-0.0,-0.0,0.0,-0.0,0.0,0.0,0.0,-0.0,0.0,0.0,-0.0,0.0,0.0,-0.0,0.0,-0.0,0.0,0.0,0.0,0.0,-0.0,0.0,0.0,0.0,-0.0,-0.0,-0.0,-0.0,-0.0,0.0
538,-0.0,0.0,-0.0,-0.07273605397781553,0.30078341674252146,-0.05027224497159137,0.03201090262983323,-0.0,-0.04074553873297061,-0.0,-0.2067739946660667,0.002119465415280333,-0.0,0.0,0.0,-0.12550224324649148,-0.0,0.0,-0.01899545366898889,-0.0,-0.0,0.0,-0.0,-0.0,-0.0,0.0,-0.0,0.0,0.0,-0.0,0.0,0.0,-0.0,0.0,-0.0,0.0,0.0,0.0,0.0,-0.0,0.0,0.0,0.0,-0.0,-0.0,-0.0,-0.0,-0.0,0.0
539,-0.0,-0.0,0.0,0.07952943744112195,0.30078341674252146,-0.10283828058827436,-0.13646753226402591,-0.0,-0.08503416779054737,0.0,-0.2067739946660667,-0.02143015031005668,-0.0,-0.0,-0.0,-0.12550224324649148,-0.0,0.0,-0.01899545366898889,-0.0,-0.0,0.0,-0.0,-0.0,-0.0,0.0,-0.0,0.0,0.0,-0.0,0.0,0.0,-0.0,0.0,-0.0,0.0,0.0,0.0,0.0,-0.0,0.0,0.0,0.0,-0.0,-0.0,0.0,-0.0,0.0,0.0
540,-0.0,-0.0,0.0,0.02096578689537677,0.30078341674252146,-0.026378592418553646,0.03201090262983323,-0.0,0.047831719382182905,-0.0,-0.008904143310978935,-0.02143015031005668,0.0,0.0,-0.0,0.4721274864987061,0.0,0.0,0.028493180503483335,-0.0,-0.0,0.0,-0.0,-0.0,-0.0,0.0,-0.0,0.0,0.0,-0.0,0.0,0.0,-0.0,0.0,-0.0,0.0,0.0,0.0,0.0,-0.0,0.0,0.0,0.0,-0.0,-0.0,0.0,-0.0,0.0,0.0
541,-0.0,-0.0,-0.0,-0.07273605397781553,0.30078341674252146,-0.026378592418553646,-0.13646753226402591,-0.0,0.0035430903246061437,-0.0,0.1889657080441088,-0.02143015031005668,0.0,0.0,-0.0,-0.12550224324649148,0.0,0.0,0.028493180503483335,-0.0,-0.0,0.0,-0.0,0.0,0.0,0.0,-0.0,0.0,0.0,-0.0,0.0,0.0,-0.0,0.0,-0.0,0.0,0.0,0.0,0.0,-0.0,0.0,0.0,0.0,-0.0,-0.0,0.0,-0.0,0.0,0.0
542,-0.0,-0.0,-0.0,-0.07273605397781553,0.30078341674252146,0.0644172872829897,0.11625012007676279,-0.0,0.0035430903246061437,0.0,-0.10783906898852282,-0.02143015031005668,0.0,-0.0,0.0,-0.7231319729916891,-0.0,0.0,-0.01899545366898889,-0.0,-0.0,0.0,-0.0,-0.0,-0.0,0.0,-0.0,0.0,0.0,-0.0,0.0,-0.0,-0.0,-0.0,-0.0,0.0,0.0,0.0,0.0,-0.0,0.0,0.0,0.0,-0.0,-0.0,-0.0,-0.0,-0.0,0.0
543,0.0,0.0,0.0,0.12052399282314359,0.30078341674252146,0.040523634729951984,-0.05222831481709634,-0.0,-0.12932279684812414,-0.0,-0.008904143310978935,-0.02143015031005668,-0.0,-0.0,-0.0,1.0697572162439037,-0.0,0.0,-0.01899545366898889,-0.0,-0.0,0.0,-0.0,-0.0,-0.0,0.0,-0.0,0.0,0.0,-0.0,0.0,0.0,-0.0,0.0,-0.0,0.0,0.0,0.0,0.0,-0.0,0.0,0.0,0.0,-0.0,-0.0,0.0,-0.0,-0.0,-0.0
545,-0.0,-0.0,0.0,0.15566218315059072,-0.3324448290312078,0.05008109575116707,-0.05222831481709634,-0.0,-0.08503416779054737,0.0,-0.008904143310978935,0.002119465415280333,-0.0,0.0,-0.0,0.4721274864987061,0.0,0.0,0.028493180503483335,-0.0,0.0,0.0,-0.0,-0.0,0.0,0.0,-0.0,0.0,0.0,-0.0,0.0,-0.0,-0.0,-0.0,-0.0,0.0,0.0,0.0,0.0,-0.0,0.0,0.0,0.0,-0.0,-0.0,0.0,-0.0,0.0,0.0
546,-0.0,0.0,0.0,0.02096578689537677,0.30078341674252146,-0.026378592418553646,-0.13646753226402591,-0.0,0.0035430903246061437,0.0,-0.10783906898852282,0.002119465415280333,-0.0,0.0,-0.0,1.0697572162439037,0.0,0.0,0.028493180503483335,-0.0,-0.0,0.0,-0.0,-0.0,-0.0,0.0,-0.0,0.0,0.0,-0.0,0.0,-0.0,-0.0,0.0,-0.0,0.0,0.0,0.0,0.0,-0.0,0.0,0.0,0.0,-0.0,0.0,-0.0,-0.0,-0.0,0.0
547,-0.0,-0.0,-0.0,-0.07273605397781553,0.30078341674252146,-0.06938716701402155,-0.05222831481709634,-0.0,0.047831719382182905,-0.0,-0.2067739946660667,0.002119465415280333,0.0,-0.0,0.0,-0.7231319729916891,-0.0,0.0,-0.01899545366898889,-0.0,-0.0,0.0,-0.0,0.0,0.0,0.0,-0.0,0.0,0.0,-0.0,0.0,0.0,-0.0,0.0,-0.0,0.0,0.0,0.0,0.0,-0.0,0.0,0.0,0.0,-0.0,-0.0,0.0,-0.0,0.0,0.0
548,-0.0,-0.0,-0.0,-0.07273605397781553,0.30078341674252146,-0.026378592418553646,0.03201090262983323,-0.0,0.047831719382182905,0.0,0.2879006337216527,0.002119465415280333,-0.0,-0.0,-0.0,0.4721274864987061,0.0,0.0,0.028493180503483335,-0.0,0.0,0.0,-0.0,-0.0,0.0,0.0,-0.0,0.0,0.0,-0.0,0.0,0.0,-0.0,0.0,-0.0,0.0,0.0,0.0,0.0,-0.0,0.0,0.0,0.0,-0.0,-0.0,0.0,0.0,-0.0,0.0
549,-0.0,-0.0,-0.0,-0.07273605397781553,0.30078341674252146,-0.026378592418553646,-0.22070674971095547,-0.0,0.047831719382182905,0.0,-0.10783906898852282,-0.02143015031005668,-0.0,-0.0,-0.0,1.0697572162439037,0.0,-0.0,-0.01899545366898889,-0.0,-0.0,0.0,-0.0,-0.0,-0.0,0.0,-0.0,0.0,0.0,-0.0,0.0,0.0,-0.0,0.0,-0.0,0.0,0.0,0.0,0.0,-0.0,0.0,0.0,0.0,-0.0,-0.0,0.0,-0.0,0.0,0.0
551,-0.0,-0.0,0.0,0.14394945304144166,0.30078341674252146,-0.06938716701402155,-0.05222831481709634,-0.0,0.047831719382182905,0.0,-0.2067739946660667,0.002119465415280333,-0.0,0.0,-0.0,-0.12550224324649148,0.0,-0.0,-0.01899545366898889,-0.0,-0.0,0.0,-0.0,0.0,0.0,0.0,-0.0,0.0,0.0,-0.0,0.0,0.0,-0.0,0.0,-0.0,0.0,0.0,0.0,0.0,-0.0,0.0,0.0,0.0,-0.0,-0.0,-0.0,-0.0,-0.0,0.0
552,-0.0,0.0,-0.0,-0.07273605397781553,0.30078341674252146,-0.09805955007766683,0.03201090262983323,-0.0,0.047831719382182905,0.0,0.1889657080441088,0.002119465415280333,0.0,0.0,-0.0,-0.12550224324649148,0.0,0.0,0.028493180503483335,-0.0,0.0,0.0,-0.0,-0.0,0.0,0.0,-0.0,0.0,0.0,-0.0,0.0,0.0,-0.0,0.0,-0.0,0.0,0.0,0.0,0.0,-0.0,0.0,0.0,0.0,-0.0,-0.0,-0.0,-0.0,-0.0,0.0
553,-0.0,-0.0,-0.0,-0.07273605397781553,0.30078341674252146,-0.026378592418553646,-0.05222831481709634,-0.0,-0.04074553873297061,-0.0,-0.10783906898852282,0.002119465415280333,0.0,-0.0,0.0,1.0697572162439037,0.0,0.0,0.028493180503483335,-0.0,-0.0,0.0,-0.0,-0.0,-0.0,0.0,-0.0,0.0,0.0,-0.0,0.0,0.0,-0.0,0.0,-0.0,0.0,0.0,0.0,0.0,-0.0,0.0,0.0,0.0,-0.0,-0.0,0.0,-0.0,0.0,0.0
555,-0.0,-0.0,-0.0,-0.07273605397781553,-0.6490589519180724,0.0835322093254199,0.03201090262983323,-0.0,-0.08503416779054737,-0.0,-0.2067739946660667,0.025669081140617344,-0.0,-0.0,-0.0,-0.12550224324649148,0.0,-0.0,-0.01899545366898889,-0.0,0.0,0.0,-0.0,-0.0,0.0,0.0,-0.0,0.0,0.0,-0.0,-0.0,-0.0,-0.0,0.0,-0.0,0.0,0.0,0.0,0.0,-0.0,0.0,0.0,0.0,-0.0,-0.0,-0.0,-0.0,-0.0,0.0
557,-0.0,-0.0,0.0,0.02096578689537677,0.30078341674252146,-0.045493514460983826,0.20048933752369236,0.0,-0.04074553873297061,0.0,-0.008904143310978935,0.025669081140617344,-0.0,-0.0,0.0,-0.7231319729916891,-0.0,0.0,-0.01899545366898889,-0.0,-0.0,0.0,-0.0,-0.0,-0.0,0.0,-0.0,0.0,0.0,-0.0,0.0,-0.0,-0.0,-0.0,-0.0,0.0,0.0,0.0,0.0,-0.0,0.0,0.0,0.0,-0.0,-0.0,0.0,-0.0,0.0,0.0
558,-0.0,-0.0,-0.0,-0.07273605397781553,0.30078341674252146,-0.026378592418553646,0.11625012007676279,-0.0,0.0035430903246061437,0.0,0.09003078236656493,0.002119465415280333,-0.0,-0.0,0.0,1.0697572162439037,0.0,0.0,0.028493180503483335,-0.0,-0.0,0.0,-0.0,-0.0,-0.0,0.0,-0.0,0.0,0.0,-0.0,0.0,0.0,-0.0,0.0,-0.0,0.0,0.0,0.0,0.0,-0.0,0.0,0.0,0.0,-0.0,-0.0,-0.0,-0.0,-0.0,0.0
559,-0.0,-0.0,0.0,0.09709853260484552,0.30078341674252146,-0.026378592418553646,-0.05222831481709634,-0.0,-0.08503416779054737,-0.0,0.1889657080441088,0.002119465415280333,-0.0,0.0,0.0,1.0697572162439037,0.0,0.0,0.028493180503483335,-0.0,-0.0,0.0,-0.0,-0.0,-0.0,0.0,-0.0,0.0,0.0,-0.0,0.0,0.0,-0.0,0.0,-0.0,0.0,0.0,0.0,0.0,-0.0,0.0,0.0,0.0,-0.0,-0.0,0.0,0.0,-0.0,0.0
561,-0.0,-0.0,0.0,0.03267851700452581,0.30078341674252146,0.0835322093254199,0.03201090262983323,-0.0,-0.08503416779054737,-0.0,-0.2067739946660667,0.002119465415280333,-0.0,-0.0,0.0,0.4721274864987061,-0.0,0.0,-0.01899545366898889,-0.0,-0.0,0.0,-0.0,-0.0,-0.0,0.0,-0.0,0.0,0.0,-0.0,0.0,-0.0,0.0,0.0,-0.0,0.0,0.0,0.0,0.0,-0.0,0.0,0.0,0.0,-0.0,-0.0,0.0,-0.0,0.0,0.0
562,-0.0,-0.0,-0.0,-0.07273605397781553,0.30078341674252146,0.05008109575116707,0.11625012007676279,-0.0,0.047831719382182905,-0.0,-0.10783906898852282,0.002119465415280333,-0.0,-0.0,0.0,-0.12550224324649148,0.0,-0.0,-0.01899545366898889,-0.0,-0.0,0.0,-0.0,-0.0,-0.0,0.0,-0.0,0.0,0.0,-0.0,0.0,0.0,-0.0,0.0,-0.0,0.0,0.0,0.0,0.0,-0.0,0.0,0.0,0.0,-0.0,-0.0,0.0,-0.0,0.0,0.0
567,-0.0,0.0,0.0,0.02096578689537677,0.30078341674252146,-0.026378592418553646,-0.13646753226402591,-0.0,-0.08503416779054737,-0.0,0.09003078236656493,0.002119465415280333,-0.0,-0.0,-0.0,-0.12550224324649148,0.0,0.0,0.028493180503483335,-0.0,0.0,0.0,-0.0,-0.0,0.0,0.0,-0.0,0.0,0.0,-0.0,0.0,-0.0,0.0,0.0,-0.0,0.0,0.0,0.0,0.0,-0.0,0.0,0.0,0.0,-0.0,-0.0,0.0,-0.0,0.0,0.0
571,-0.0,-0.0,-0.0,-0.07273605397781553,0.30078341674252146,-0.1362893941625272,0.11625012007676279,-0.0,0.047831719382182905,-0.0,-0.2067739946660667,0.002119465415280333,-0.0,-0.0,0.0,0.4721274864987061,-0.0,0.0,-0.01899545366898889,-0.0,-0.0,0.0,-0.0,0.0,0.0,0.0,-0.0,0.0,0.0,-0.0,0.0,-0.0,-0.0,0.0,0.0,0.0,0.0,0.0,0.0,-0.0,0.0,0.0,0.0,-0.0,-0.0,0.0,-0.0,0.0,0.0
573,-0.0,-0.0,0.0,0.08538580249569648,0.30078341674252146,-0.026378592418553646,-0.05222831481709634,-0.0,0.047831719382182905,-0.0,-0.10783906898852282,0.002119465415280333,-0.0,-0.0,-0.0,0.4721274864987061,-0.0,0.0,-0.01899545366898889,-0.0,-0.0,0.0,-0.0,-0.0,-0.0,0.0,-0.0,0.0,0.0,-0.0,0.0,0.0,-0.0,0.0,-0.0,0.0,0.0,0.0,0.0,-0.0,0.0,0.0,0.0,-0.0,-0.0,0.0,-0.0,0.0,0.0
574,-0.0,-0.0,0.0,0.07952943744112195,-0.015830706144343176,-0.0024849398655159213,-0.22070674971095547,-0.0,-0.12932279684812414,-0.0,-0.10783906898852282,-0.009655342447388172,0.0,0.0,0.0,-0.7231319729916891,0.0,-0.0,-0.01899545366898889,-0.0,-0.0,0.0,-0.0,-0.0,0.0,0.0,0.0,0.0,0.0,-0.0,0.0,0.0,-0.0,0.0,-0.0,0.0,0.0,0.0,0.0,-0.0,0.0,0.0,0.0,-0.0,-0.0,0.0,-0.0,0.0,0.0
579,-0.0,0.0,0.0,-0.055166958814091976,-0.3324448290312078,0.011851251666306713,-0.05222831481709634,0.0,-0.08503416779054737,-0.0,0.09003078236656493,0.002119465415280333,-0.0,-0.0,-0.0,1.0697572162439037,0.0,-0.0,-0.01899545366898889,-0.0,-0.0,0.0,-0.0,-0.0,-0.0,0.0,-0.0,0.0,0.0,-0.0,0.0,-0.0,-0.0,0.0,-0.0,0.0,0.0,0.0,0.0,-0.0,0.0,0.0,0.0,-0.0,-0.0,0.0,-0.0,0.0,0.0
582,-0.0,-0.0,-0.0,-0.07273605397781553,0.30078341674252146,0.011851251666306713,0.20048933752369236,-0.0,-0.08503416779054737,-0.0,0.1889657080441088,-0.02143015031005668,0.0,-0.0,0.0,-0.12550224324649148,-0.0,0.0,-0.01899545366898889,-0.0,-0.0,0.0,-0.0,-0.0,-0.0,0.0,-0.0,0.0,0.0,-0.0,0.0,-0.0,-0.0,-0.0,-0.0,0.0,0.0,0.0,0.0,-0.0,0.0,0.0,0.0,-0.0,-0.0,0.0,-0.0,0.0,0.0
583,-0.0,-0.0,-0.0,-0.07273605397781553,0.30078341674252146,-0.026378592418553646,0.20048933752369236,-0.0,-0.04074553873297061,-0.0,0.09003078236656493,-0.009655342447388172,0.0,0.0,-0.0,1.0697572162439037,0.0,0.0,0.028493180503483335,-0.0,-0.0,0.0,-0.0,-0.0,-0.0,0.0,-0.0,0.0,0.0,-0.0,-0.0,-0.0,-0.0,0.0,-0.0,0.0,0.0,0.0,0.0,-0.0,0.0,0.0,0.0,-0.0,-0.0,0.0,-0.0,0.0,0.0
595,-0.0,0.0,0.0,0.026822151949951287,-0.6490589519180724,-0.06938716701402155,-0.22070674971095547,-0.0,0.047831719382182905,0.0,-0.008904143310978935,-0.009655342447388172,-0.0,-0.0,-0.0,-0.12550224324649148,0.0,-0.0,-0.01899545366898889,-0.0,-0.0,0.0,-0.0,-0.0,0.0,0.0,0.0,-0.0,0.0,-0.0,0.0,-0.0,-0.0,0.0,-0.0,0.0,0.0,0.0,0.0,-0.0,0.0,0.0,0.0,-0.0,-0.0,-0.0,-0.0,-0.0,0.0
602,-0.0,-0.0,0.0,0.07952943744112195,-0.3324448290312078,-0.08850208905645174,0.11625012007676279,0.0,-0.08503416779054737,0.0,0.2879006337216527,0.002119465415280333,-0.0,-0.0,0.0,-0.7231319729916891,0.0,0.0,0.028493180503483335,-0.0,0.0,0.0,-0.0,-0.0,0.0,0.0,-0.0,0.0,0.0,-0.0,0.0,-0.0,-0.0,0.0,-0.0,0.0,0.0,0.0,0.0,-0.0,0.0,0.0,0.0,-0.0,-0.0,0.0,-0.0,0.0,0.0
616,-0.0,-0.0,0.0,0.05024761216824936,-0.6490589519180724,-0.026378592418553646,0.03201090262983323,-0.0,0.047831719382182905,-0.0,-0.2067739946660667,-0.02143015031005668,0.0,-0.0,0.0,-0.7231319729916891,0.0,-0.0,-0.01899545366898889,-0.0,0.0,0.0,-0.0,-0.0,0.0,0.0,-0.0,0.0,0.0,-0.0,0.0,-0.0,-0.0,0.0,-0.0,0.0,0.0,0.0,0.0,-0.0,0.0,0.0,-0.0,-0.0,-0.0,0.0,-0.0,0.0,0.0
623,-0.0,-0.0,-0.0,-0.07273605397781553,-0.3324448290312078,-0.026378592418553646,0.20048933752369236,0.0,-0.08503416779054737,0.0,-0.2067739946660667,0.002119465415280333,-0.0,0.0,-0.0,-0.7231319729916891,0.0,0.0,0.028493180503483335,-0.0,0.0,0.0,-0.0,-0.0,0.0,0.0,-0.0,0.0,0.0,-0.0,0.0,0.0,-0.0,0.0,-0.0,0.0,0.0,0.0,0.0,-0.0,0.0,0.0,0.0,-0.0,-0.0,0.0,-0.0,0.0,0.0
625,-0.0,-0.0,0.0,0.08538580249569648,-0.6490589519180724,-0.05027224497159137,-0.05222831481709634,-0.0,0.047831719382182905,-0.0,-0.2067739946660667,0.002119465415280333,-0.0,0.0,0.0,-0.7231319729916891,0.0,-0.0,-0.01899545366898889,-0.0,-0.0,0.0,-0.0,0.0,0.0,0.0,-0.0,0.0,0.0,-0.0,0.0,-0.0,-0.0,0.0,-0.0,0.0,-0.0,0.0,0.0,-0.0,0.0,0.0,0.0,-0.0,-0.0,0.0,-0.0,0.0,0.0
631,-0.0,-0.0,0.0,0.16151854820516523,0.30078341674252146,-0.026378592418553646,-0.13646753226402591,-0.0,-0.08503416779054737,0.0,-0.10783906898852282,0.002119465415280333,-0.0,-0.0,-0.0,-0.12550224324649148,0.0,0.0,0.028493180503483335,-0.0,-0.0,0.0,-0.0,-0.0,-0.0,0.0,-0.0,0.0,0.0,-0.0,0.0,0.0,-0.0,0.0,-0.0,0.0,0.0,0.0,0.0,-0.0,0.0,0.0,0.0,-0.0,-0.0,0.0,-0.0,0.0,0.0
634,-0.0,-0.0,-0.0,-0.07273605397781553,-0.3324448290312078,0.05008109575116707,0.11625012007676279,0.0,-0.04074553873297061,-0.0,0.09003078236656493,-0.02143015031005668,0.0,0.0,0.0,0.4721274864987061,0.0,0.0,0.028493180503483335,-0.0,0.0,0.0,-0.0,-0.0,0.0,0.0,-0.0,0.0,0.0,-0.0,0.0,0.0,-0.0,0.0,-0.0,0.0,0.0,0.0,0.0,-0.0,0.0,0.0,0.0,-0.0,-0.0,0.0,-0.0,0.0,0.0
638,-0.0,-0.0,0.0,0.05024761216824936,-0.6490589519180724,-0.026378592418553646,-0.05222831481709634,-0.0,0.047831719382182905,-0.0,-0.008904143310978935,0.002119465415280333,-0.0,-0.0,-0.0,-0.12550224324649148,-0.0,0.0,-0.01899545366898889,-0.0,-0.0,0.0,-0.0,-0.0,-0.0,0.0,-0.0,0.0,0.0,-0.0,0.0,-0.0,-0.0,0.0,-0.0,0.0,0.0,0.0,0.0,-0.0,0.0,0.0,0.0,0.0,-0.0,0.0,-0.0,0.0,0.0
641,-0.0,-0.0,-0.0,-0.025885133541219383,-0.6490589519180724,0.04530236524055953,0.20048933752369236,-0.0,0.047831719382182905,-0.0,-0.2067739946660667,-0.009655342447388172,-0.0,-0.0,-0.0,-0.7231319729916891,0.0,-0.0,-0.01899545366898889,-0.0,-0.0,0.0,-0.0,-0.0,0.0,0.0,0.0,0.0,0.0,-0.0,0.0,-0.0,-0.0,0.0,-0.0,-0.0,0.0,0.0,0.0,-0.0,0.0,0.0,0.0,-0.0,-0.0,0.0,-0.0,0.0,0.0
645,-0.0,-0.0,-0.0,-0.07273605397781553,-0.6490589519180724,-0.007263670376123466,0.20048933752369236,-0.0,0.047831719382182905,-0.0,-0.2067739946660667,-0.009655342447388172,0.0,-0.0,0.0,-0.12550224324649148,-0.0,0.0,-0.01899545366898889,-0.0,0.0,0.0,-0.0,-0.0,0.0,0.0,-0.0,-0.0,0.0,-0.0,0.0,-0.0,-0.0,0.0,-0.0,0.0,0.0,0.0,0.0,-0.0,0.0,0.0,0.0,-0.0,-0.0,-0.0,-0.0,-0.0,0.0
655,-0.0,0.0,0.0,0.02096578689537677,-0.6490589519180724,-0.026378592418553646,-0.22070674971095547,-0.0,-0.08503416779054737,0.0,-0.2067739946660667,-0.009655342447388172,-0.0,0.0,-0.0,-0.7231319729916891,0.0,0.0,0.028493180503483335,-0.0,-0.0,0.0,-0.0,-0.0,-0.0,0.0,-0.0,0.0,0.0,-0.0,0.0,-0.0,-0.0,-0.0,-0.0,0.0,0.0,0.0,0.0,-0.0,0.0,0.0,0.0,-0.0,-0.0,0.0,-0.0,0.0,0.0
673,-0.0,-0.0,-0.0,-0.07273605397781553,-0.6490589519180724,0.0644172872829897,-0.13646753226402591,0.0,0.047831719382182905,0.0,-0.2067739946660667,0.002119465415280333,-0.0,-0.0,0.0,-0.7231319729916891,-0.0,0.0,-0.01899545366898889,-0.0,-0.0,0.0,-0.0,0.0,0.0,0.0,-0.0,0.0,0.0,-0.0,0.0,-0.0,-0.0,0.0,-0.0,0.0,-0.0,0.0,0.0,-0.0,0.0,0.0,0.0,-0.0,-0.0,0.0,-0.0,0.0,0.0
677,-0.0,-0.0,-0.0,-0.07273605397781553,-0.6490589519180724,-0.007263670376123466,-0.22070674971095547,-0.0,-0.04074553873297061,-0.0,0.2879006337216527,0.002119465415280333,-0.0,0.0,0.0,-0.12550224324649148,-0.0,0.0,-0.01899545366898889,-0.0,-0.0,0.0,-0.0,-0.0,-0.0,0.0,-0.0,0.0,0.0,-0.0,0.0,0.0,-0.0,0.0,-0.0,0.0,0.0,0.0,0.0,-0.0,0.0,0.0,0.0,-0.0,-0.0,0.0,-0.0,0.0,0.0
691,-0.0,-0.0,-0.0,-0.07273605397781553,-0.6490589519180724,0.06919601779359726,-0.13646753226402591,-0.0,0.047831719382182905,-0.0,0.09003078236656493,0.025669081140617344,0.0,0.0,0.0,-0.7231319729916891,0.0,-0.0,-0.01899545366898889,-0.0,-0.0,0.0,-0.0,0.0,0.0,0.0,-0.0,0.0,0.0,-0.0,-0.0,-0.0,-0.0,0.0,-0.0,0.0,0.0,0.0,0.0,-0.0,0.0,0.0,0.0,-0.0,-0.0,0.0,-0.0,0.0,0.0
698,-0.0,-0.0,0.0,0.07952943744112195,-0.6490589519180724,-0.026378592418553646,-0.05222831481709634,-0.0,-0.08503416779054737,-0.0,0.1889657080441088,0.002119465415280333,-0.0,0.0,0.0,-0.7231319729916891,0.0,-0.0,-0.01899545366898889,-0.0,-0.0,0.0,-0.0,0.0,0.0,0.0,-0.0,0.0,0.0,-0.0,0.0,-0.0,-0.0,0.0,-0.0,0.0,0.0,0.0,0.0,-0.0,0.0,0.0,0.0,-0.0,0.0,0.0,-0.0,0.0,0.0
700,-0.0,-0.0,0.0,0.12052399282314359,-0.3324448290312078,0.04530236524055953,-0.05222831481709634,0.0,0.0035430903246061437,0.0,-0.2067739946660667,-0.02143015031005668,-0.0,-0.0,0.0,-0.7231319729916891,0.0,0.0,0.028493180503483335,-0.0,-0.0,0.0,0.0,-0.0,0.0,0.0,-0.0,0.0,0.0,-0.0,0.0,0.0,-0.0,0.0,-0.0,0.0,0.0,0.0,0.0,-0.0,0.0,0.0,0.0,-0.0,-0.0,0.0,-0.0,-0.0,-0.0
705,-0.0,0.0,-0.0,-0.07273605397781553,-0.6490589519180724,-0.08850208905645174,0.03201090262983323,-0.0,-0.08503416779054737,-0.0,-0.2067739946660667,-0.009655342447388172,-0.0,-0.0,-0.0,-0.7231319729916891,0.0,0.0,0.028493180503483335,-0.0,0.0,0.0,-0.0,-0.0,0.0,0.0,-0.0,0.0,0.0,-0.0,0.0,-0.0,-0.0,0.0,-0.0,0.0,0.0,0.0,0.0,-0.0,0.0,0.0,0.0,-0.0,-0.0,0.0,-0.0,0.0,0.0
711,-0.0,-0.0,-0.0,-0.07273605397781553,-0.3324448290312078,0.05008109575116707,-0.05222831481709634,-0.0,0.0035430903246061437,0.0,-0.2067739946660667,0.03744388900328585,-0.0,-0.0,0.0,-0.7231319729916891,0.0,0.0,0.028493180503483335,-0.0,0.0,0.0,-0.0,-0.0,0.0,0.0,-0.0,0.0,0.0,-0.0,0.0,-0.0,-0.0,-0.0,-0.0,0.0,0.0,0.0,0.0,-0.0,0.0,0.0,0.0,-0.0,-0.0,-0.0,-0.0,-0.0,0.0
721,-0.0,-0.0,0.0,0.02096578689537677,0.30078341674252146,-0.026378592418553646,-0.13646753226402591,-0.0,0.047831719382182905,-0.0,-0.10783906898852282,-0.009655342447388172,-0.0,-0.0,0.0,-0.7231319729916891,-0.0,0.0,-0.01899545366898889,-0.0,-0.0,0.0,-0.0,-0.0,-0.0,0.0,-0.0,0.0,0.0,-0.0,0.0,-0.0,0.0,0.0,-0.0,0.0,0.0,0.0,0.0,-0.0,0.0,0.0,0.0,-0.0,-0.0,0.0,-0.0,0.0,0.0
726,-0.0,0.0,0.0,0.05024761216824936,-0.6490589519180724,0.0835322093254199,-0.304945967157885,-0.0,-0.12932279684812414,-0.0,-0.10783906898852282,0.002119465415280333,-0.0,0.0,-0.0,-0.12550224324649148,0.0,0.0,-0.01899545366898889,-0.0,0.0,0.0,-0.0,-0.0,0.0,0.0,-0.0,0.0,0.0,-0.0,0.0,0.0,-0.0,0.0,-0.0,0.0,0.0,0.0,0.0,-0.0,0.0,0.0,0.0,-0.0,-0.0,0.0,-0.0,0.0,0.0
731,-0.0,-0.0,-0.0,-0.07273605397781553,0.30078341674252146,-0.08850208905645174,-0.05222831481709634,-0.0,0.047831719382182905,-0.0,-0.10783906898852282,-0.009655342447388172,0.0,0.0,-0.0,0.4721274864987061,0.0,0.0,0.028493180503483335,-0.0,-0.0,0.0,-0.0,-0.0,-0.0,0.0,-0.0,0.0,0.0,-0.0,0.0,0.0,-0.0,0.0,-0.0,0.0,0.0,0.0,0.0,-0.0,0.0,0.0,0.0,-0.0,-0.0,0.0,-0.0,0.0,0.0
733,-0.0,-0.0,0.0,0.05024761216824936,-0.3324448290312078,-0.10761701109888192,-0.13646753226402591,0.0,0.047831719382182905,-0.0,-0.10783906898852282,0.002119465415280333,-0.0,0.0,0.0,-0.7231319729916891,0.0,0.0,0.028493180503483335,-0.0,-0.0,0.0,0.0,-0.0,0.0,0.0,-0.0,0.0,0.0,-0.0,0.0,-0.0,-0.0,0.0,-0.0,0.0,0.0,0.0,0.0,-0.0,0.0,0.0,0.0,0.0,-0.0,0.0,-0.0,0.0,0.0
734,-0.0,-0.0,-0.0,-0.07273605397781553,-0.6490589519180724,-0.0024849398655159213,0.11625012007676279,0.0,0.047831719382182905,-0.0,-0.2067739946660667,0.002119465415280333,-0.0,-0.0,0.0,-0.7231319729916891,0.0,-0.0,-0.01899545366898889,-0.0,-0.0,0.0,0.0,-0.0,0.0,0.0,-0.0,-0.0,0.0,-0.0,0.0,-0.0,-0.0,0.0,-0.0,0.0,0.0,0.0,0.0,-0.0,0.0,0.0,0.0,-0.0,-0.0,0.0,-0.0,0.0,0.0
742,-0.0,-0.0,-0.0,-0.07273605397781553,0.30078341674252146,-0.026378592418553646,0.03201090262983323,-0.0,-0.08503416779054737,-0.0,0.1889657080441088,0.002119465415280333,-0.0,0.0,0.0,-0.7231319729916891,0.0,0.0,0.028493180503483335,-0.0,-0.0,0.0,-0.0,-0.0,-0.0,0.0,-0.0,0.0,0.0,-0.0,0.0,-0.0,-0.0,0.0,-0.0,0.0,0.0,0.0,0.0,-0.0,0.0,0.0,0.0,0.0,-0.0,0.0,-0.0,0.0,0.0
748,-0.0,-0.0,-0.0,-0.07273605397781553,-0.015830706144343176,-0.0024849398655159213,0.20048933752369236,0.0,0.047831719382182905,-0.0,0.09003078236656493,0.002119465415280333,-0.0,-0.0,0.0,-0.12550224324649148,0.0,-0.0,-0.01899545366898889,-0.0,-0.0,0.0,-0.0,-0.0,0.0,0.0,0.0,0.0,0.0,-0.0,0.0,0.0,-0.0,0.0,-0.0,0.0,0.0,0.0,0.0,-0.0,0.0,0.0,0.0,-0.0,-0.0,-0.0,-0.0,-0.0,0.0
749,-0.0,-0.0,-0.0,-0.07273605397781553,-0.015830706144343176,0.09308967034663498,-0.05222831481709634,0.0,0.047831719382182905,-0.0,-0.008904143310978935,0.002119465415280333,-0.0,-0.0,0.0,-0.7231319729916891,0.0,-0.0,-0.01899545366898889,-0.0,-0.0,0.0,-0.0,-0.0,0.0,0.0,0.0,0.0,0.0,-0.0,0.0,-0.0,-0.0,0.0,-0.0,0.0,0.0,0.0,0.0,-0.0,0.0,0.0,-0.0,-0.0,-0.0,0.0,-0.0,0.0,0.0
752,-0.0,-0.0,0.0,0.02096578689537677,0.30078341674252146,-0.045493514460983826,0.03201090262983323,-0.0,0.047831719382182905,-0.0,0.09003078236656493,0.002119465415280333,0.0,-0.0,0.0,-0.7231319729916891,0.0,-0.0,-0.01899545366898889,-0.0,-0.0,0.0,-0.0,0.0,0.0,0.0,-0.0,0.0,0.0,-0.0,0.0,0.0,-0.0,0.0,-0.0,0.0,0.0,0.0,0.0,-0.0,0.0,0.0,0.0,-0.0,-0.0,0.0,-0.0,0.0,0.0
753,-0.0,-0.0,-0.0,-0.07273605397781553,-0.015830706144343176,-0.0024849398655159213,0.20048933752369236,0.0,0.047831719382182905,-0.0,0.09003078236656493,-0.02143015031005668,0.0,-0.0,0.0,-0.12550224324649148,0.0,-0.0,-0.01899545366898889,-0.0,-0.0,0.0,-0.0,-0.0,0.0,0.0,0.0,0.0,0.0,-0.0,0.0,0.0,-0.0,0.0,-0.0,0.0,0.0,0.0,0.0,-0.0,0.0,0.0,0.0,-0.0,-0.0,-0.0,-0.0,-0.0,0.0
754,-0.0,-0.0,0.0,0.05024761216824936,0.30078341674252146,-0.026378592418553646,0.03201090262983323,0.0,0.047831719382182905,-0.0,0.1889657080441088,0.002119465415280333,0.0,-0.0,0.0,-0.12550224324649148,0.0,0.0,0.028493180503483335,-0.0,-0.0,0.0,-0.0,0.0,0.0,0.0,-0.0,0.0,0.0,-0.0,0.0,0.0,-0.0,0.0,-0.0,0.0,0.0,0.0,0.0,-0.0,0.0,0.0,0.0,-0.0,-0.0,0.0,-0.0,0.0,0.0
755,-0.0,-0.0,0.0,-0.014172403432070347,-0.6490589519180724,0.04530236524055953,-0.22070674971095547,-0.0,0.047831719382182905,-0.0,-0.2067739946660667,0.002119465415280333,-0.0,0.0,0.0,-0.7231319729916891,0.0,-0.0,-0.01899545366898889,-0.0,-0.0,0.0,-0.0,0.0,0.0,0.0,-0.0,0.0,0.0,-0.0,0.0,-0.0,-0.0,0.0,-0.0,-0.0,0.0,0.0,0.0,-0.0,0.0,0.0,0.0,-0.0,-0.0,0.0,-0.0,0.0,0.0
760,-0.0,-0.0,0.0,0.02096578689537677,-0.3324448290312078,0.0835322093254199,-0.05222831481709634,0.0,-0.12932279684812414,0.0,-0.008904143310978935,0.002119465415280333,-0.0,0.0,0.0,-0.12550224324649148,0.0,0.0,0.028493180503483335,-0.0,-0.0,0.0,-0.0,0.0,0.0,0.0,-0.0,0.0,0.0,-0.0,0.0,-0.0,-0.0,0.0,-0.0,0.0,0.0,0.0,0.0,-0.0,0.0,0.0,0.0,0.0,-0.0,0.0,-0.0,0.0,0.0
761,-0.0,-0.0,-0.0,-0.07273605397781553,-0.6490589519180724,-0.026378592418553646,-0.13646753226402591,-0.0,0.047831719382182905,-0.0,0.2879006337216527,0.002119465415280333,-0.0,0.0,0.0,-0.7231319729916891,0.0,-0.0,-0.01899545366898889,-0.0,-0.0,0.0,-0.0,-0.0,-0.0,0.0,-0.0,0.0,0.0,-0.0,-0.0,-0.0,-0.0,0.0,-0.0,0.0,0.0,0.0,0.0,-0.0,0.0,0.0,0.0,-0.0,-0.0,0.0,-0.0,0.0,0.0
763,-0.0,-0.0,-0.0,-0.07273605397781553,0.30078341674252146,0.0835322093254199,0.03201090262983323,-0.0,0.047831719382182905,-0.0,0.1889657080441088,-0.009655342447388172,0.0,0.0,0.0,-0.7231319729916891,-0.0,0.0,-0.01899545366898889,-0.0,-0.0,0.0,-0.0,0.0,0.0,0.0,-0.0,0.0,0.0,-0.0,0.0,0.0,-0.0,0.0,-0.0,0.0,0.0,0.0,0.0,-0.0,0.0,0.0,0.0,-0.0,-0.0,0.0,-0.0,0.0,0.0
766,-0.0,-0.0,-0.0,-0.07273605397781553,-0.6490589519180724,0.0644172872829897,0.03201090262983323,-0.0,0.047831719382182905,-0.0,-0.2067739946660667,-0.009655342447388172,0.0,-0.0,0.0,-0.7231319729916891,0.0,-0.0,-0.01899545366898889,-0.0,-0.0,0.0,-0.0,0.0,0.0,0.0,-0.0,0.0,0.0,-0.0,0.0,-0.0,-0.0,0.0,-0.0,0.0,-0.0,0.0,0.0,-0.0,0.0,0.0,0.0,-0.0,-0.0,0.0,-0.0,0.0,0.0
772,-0.0,-0.0,0.0,-0.002459673322921308,0.30078341674252146,-0.007263670376123466,-0.05222831481709634,-0.0,0.047831719382182905,-0.0,0.2879006337216527,0.025669081140617344,-0.0,0.0,0.0,-0.7231319729916891,-0.0,0.0,-0.01899545366898889,-0.0,-0.0,0.0,-0.0,0.0,0.0,0.0,-0.0,0.0,0.0,-0.0,0.0,0.0,-0.0,0.0,-0.0,0.0,0.0,0.0,0.0,-0.0,0.0,0.0,0.0,-0.0,-0.0,0.0,-0.0,0.0,0.0
777,-0.0,-0.0,0.0,0.02096578689537677,0.30078341674252146,0.04530236524055953,-0.13646753226402591,-0.0,-0.08503416779054737,0.0,-0.10783906898852282,0.025669081140617344,-0.0,-0.0,-0.0,0.4721274864987061,0.0,0.0,0.028493180503483335,-0.0,0.0,0.0,-0.0,-0.0,0.0,0.0,-0.0,0.0,0.0,-0.0,0.0,-0.0,0.0,0.0,-0.0,0.0,0.0,0.0,0.0,-0.0,0.0,0.0,0.0,-0.0,-0.0,0.0,-0.0,0.0,0.0
783,-0.0,-0.0,0.0,0.13223672293229263,0.30078341674252146,-0.10283828058827436,-0.05222831481709634,-0.0,0.047831719382182905,-0.0,-0.10783906898852282,0.002119465415280333,-0.0,-0.0,0.0,-0.7231319729916891,0.0,-0.0,-0.01899545366898889,-0.0,-0.0,0.0,-0.0,0.0,0.0,0.0,-0.0,0.0,0.0,-0.0,0.0,0.0,-0.0,0.0,-0.0,0.0,0.0,0.0,0.0,-0.0,0.0,0.0,0.0,-0.0,-0.0,0.0,-0.0,0.0,0.0
786,-0.0,-0.0,0.0,0.02096578689537677,0.30078341674252146,-0.026378592418553646,-0.05222831481709634,-0.0,0.047831719382182905,-0.0,0.09003078236656493,0.025669081140617344,0.0,0.0,0.0,-0.7231319729916891,0.0,-0.0,-0.01899545366898889,-0.0,-0.0,0.0,-0.0,0.0,0.0,0.0,-0.0,0.0,0.0,-0.0,0.0,0.0,-0.0,0.0,-0.0,0.0,0.0,0.0,0.0,-0.0,0.0,0.0,0.0,-0.0,-0.0,0.0,-0.0,0.0,0.0
787,-0.0,-0.0,0.0,0.12052399282314359,0.30078341674252146,0.007072521155699169,-0.05222831481709634,-0.0,0.047831719382182905,-0.0,0.09003078236656493,-0.02143015031005668,-0.0,-0.0,-0.0,0.4721274864987061,0.0,0.0,0.028493180503483335,-0.0,-0.0,0.0,-0.0,0.0,0.0,0.0,-0.0,0.0,0.0,-0.0,0.0,-0.0,-0.0,0.0,0.0,0.0,0.0,0.0,0.0,-0.0,0.0,0.0,0.0,-0.0,-0.0,0.0,-0.0,0.0,0.0
788,-0.0,-0.0,0.0,0.08538580249569648,0.30078341674252146,-0.09805955007766683,0.03201090262983323,-0.0,0.047831719382182905,-0.0,0.09003078236656493,0.002119465415280333,-0.0,0.0,0.0,-0.12550224324649148,-0.0,0.0,-0.01899545366898889,-0.0,-0.0,0.0,-0.0,-0.0,0.0,0.0,0.0,0.0,0.0,-0.0,0.0,-0.0,-0.0,0.0,-0.0,0.0,0.0,0.0,0.0,-0.0,0.0,0.0,-0.0,-0.0,-0.0,0.0,-0.0,0.0,0.0
789,-0.0,-0.0,-0.0,-0.07273605397781553,-0.015830706144343176,-0.007263670376123466,-0.22070674971095547,-0.0,0.047831719382182905,-0.0,-0.2067739946660667,-0.009655342447388172,0.0,0.0,-0.0,-0.7231319729916891,0.0,-0.0,-0.01899545366898889,-0.0,-0.0,0.0,-0.0,0.0,0.0,0.0,-0.0,-0.0,0.0,-0.0,0.0,-0.0,-0.0,0.0,-0.0,0.0,0.0,0.0,0.0,-0.0,0.0,0.0,0.0,-0.0,-0.0,-0.0,-0.0,-0.0,0.0
793,-0.0,-0.0,0.0,0.026822151949951287,0.30078341674252146,-0.0215998619079461,-0.05222831481709634,-0.0,0.0035430903246061437,0.0,0.2879006337216527,0.002119465415280333,-0.0,0.0,-0.0,1.0697572162439037,0.0,0.0,0.028493180503483335,-0.0,-0.0,0.0,-0.0,-0.0,-0.0,0.0,-0.0,0.0,0.0,-0.0,0.0,-0.0,-0.0,0.0,-0.0,0.0,0.0,0.0,0.0,-0.0,0.0,0.0,0.0,-0.0,-0.0,0.0,-0.0,0.0,0.0
794,-0.0,-0.0,0.0,0.02096578689537677,0.30078341674252146,-0.0024849398655159213,0.11625012007676279,0.0,0.047831719382182905,0.0,-0.2067739946660667,-0.02143015031005668,0.0,-0.0,0.0,-0.7231319729916891,0.0,-0.0,-0.01899545366898889,-0.0,-0.0,0.0,-0.0,0.0,0.0,0.0,-0.0,0.0,0.0,-0.0,0.0,-0.0,-0.0,0.0,-0.0,0.0,0.0,0.0,0.0,-0.0,0.0,0.0,0.0,0.0,-0.0,0.0,-0.0,0.0,0.0
796,-0.0,-0.0,0.0,0.12052399282314359,0.30078341674252146,-0.08850208905645174,0.11625012007676279,-0.0,0.047831719382182905,0.0,-0.008904143310978935,0.002119465415280333,0.0,-0.0,0.0,-0.7231319729916891,-0.0,0.0,-0.01899545366898889,-0.0,-0.0,0.0,-0.0,0.0,0.0,0.0,-0.0,0.0,0.0,-0.0,0.0,-0.0,-0.0,0.0,-0.0,0.0,0.0,0.0,0.0,-0.0,0.0,0.0,-0.0,-0.0,-0.0,-0.0,-0.0,-0.0,0.0
806,-0.0,0.0,-0.0,-0.07273605397781553,0.30078341674252146,-0.05027224497159137,0.20048933752369236,0.0,-0.04074553873297061,-0.0,0.09003078236656493,0.025669081140617344,-0.0,0.0,-0.0,-0.12550224324649148,-0.0,0.0,-0.01899545366898889,-0.0,0.0,0.0,-0.0,-0.0,0.0,0.0,-0.0,0.0,0.0,-0.0,0.0,0.0,-0.0,0.0,-0.0,0.0,0.0,0.0,0.0,-0.0,0.0,0.0,0.0,-0.0,-0.0,0.0,-0.0,0.0,0.0
814,-0.0,-0.0,0.0,0.02096578689537677,-0.015830706144343176,-0.0024849398655159213,-0.05222831481709634,0.0,0.047831719382182905,-0.0,-0.008904143310978935,-0.009655342447388172,-0.0,-0.0,-0.0,-0.7231319729916891,0.0,-0.0,-0.01899545366898889,-0.0,-0.0,0.0,0.0,-0.0,0.0,0.0,-0.0,-0.0,0.0,-0.0,0.0,-0.0,-0.0,0.0,-0.0,0.0,0.0,0.0,0.0,-0.0,0.0,0.0,0.0,-0.0,-0.0,-0.0,-0.0,-0.0,0.0
821,-0.0,-0.0,-0.0,-0.07273605397781553,-0.3324448290312078,0.10264713136785007,-0.304945967157885,0.0,-0.08503416779054737,-0.0,-0.2067739946660667,0.002119465415280333,-0.0,0.0,-0.0,-0.12550224324649148,0.0,0.0,0.028493180503483335,-0.0,0.0,0.0,-0.0,-0.0,0.0,0.0,-0.0,-0.0,0.0,-0.0,0.0,-0.0,-0.0,0.0,-0.0,0.0,0.0,0.0,0.0,-0.0,0.0,0.0,0.0,-0.0,-0.0,-0.0,-0.0,-0.0,0.0
826,-0.0,-0.0,-0.0,-0.07273605397781553,0.30078341674252146,0.011851251666306713,-0.05222831481709634,0.0,0.047831719382182905,-0.0,0.1889657080441088,0.002119465415280333,-0.0,-0.0,-0.0,-0.12550224324649148,-0.0,0.0,-0.01899545366898889,-0.0,-0.0,0.0,-0.0,0.0,0.0,0.0,-0.0,0.0,0.0,-0.0,0.0,0.0,-0.0,0.0,-0.0,0.0,0.0,0.0,0.0,-0.0,0.0,0.0,0.0,-0.0,-0.0,0.0,-0.0,0.0,0.0
828,-0.0,0.0,-0.0,-0.07273605397781553,-0.6490589519180724,-0.059829705992806466,0.11625012007676279,-0.0,0.047831719382182905,-0.0,0.09003078236656493,0.002119465415280333,0.0,-0.0,-0.0,-0.12550224324649148,0.0,-0.0,-0.01899545366898889,-0.0,-0.0,0.0,-0.0,0.0,0.0,0.0,-0.0,-0.0,0.0,-0.0,0.0,-0.0,-0.0,0.0,-0.0,0.0,0.0,0.0,0.0,-0.0,0.0,0.0,0.0,-0.0,-0.0,0.0,-0.0,0.0,0.0
829,-0.0,-0.0,0.0,0.026822151949951287,-0.3324448290312078,0.09786840085724252,-0.05222831481709634,-0.0,0.0035430903246061437,-0.0,-0.10783906898852282,0.002119465415280333,-0.0,-0.0,0.0,-0.12550224324649148,0.0,0.0,0.028493180503483335,-0.0,0.0,0.0,-0.0,-0.0,0.0,0.0,-0.0,0.0,0.0,-0.0,0.0,0.0,-0.0,0.0,-0.0,0.0,0.0,0.0,0.0,-0.0,0.0,0.0,0.0,-0.0,-0.0,0.0,-0.0,0.0,0.0
831,0.0,-0.0,0.0,-0.002459673322921308,-0.015830706144343176,-0.0024849398655159213,0.20048933752369236,-0.0,-0.12932279684812414,-0.0,-0.10783906898852282,0.002119465415280333,0.0,-0.0,0.0,1.0697572162439037,-0.0,0.0,-0.01899545366898889,-0.0,-0.0,0.0,-0.0,-0.0,0.0,0.0,0.0,0.0,0.0,-0.0,0.0,0.0,-0.0,0.0,-0.0,0.0,0.0,0.0,0.0,-0.0,0.0,0.0,0.0,-0.0,-0.0,0.0,-0.0,0.0,0.0
833,0.0,-0.0,0.0,0.05024761216824936,-0.015830706144343176,-0.0215998619079461,0.11625012007676279,-0.0,0.047831719382182905,-0.0,-0.10783906898852282,0.002119465415280333,0.0,-0.0,-0.0,-0.12550224324649148,0.0,-0.0,-0.01899545366898889,-0.0,-0.0,0.0,-0.0,-0.0,0.0,0.0,0.0,0.0,0.0,-0.0,0.0,-0.0,-0.0,0.0,-0.0,0.0,0.0,0.0,0.0,-0.0,0.0,0.0,0.0,-0.0,0.0,0.0,-0.0,0.0,0.0
843,-0.0,0.0,-0.0,-0.07273605397781553,0.30078341674252146,-0.026378592418553646,-0.13646753226402591,-0.0,-0.08503416779054737,-0.0,0.1889657080441088,0.002119465415280333,-0.0,0.0,-0.0,0.4721274864987061,0.0,0.0,0.028493180503483335,-0.0,-0.0,0.0,-0.0,-0.0,-0.0,0.0,-0.0,0.0,0.0,-0.0,0.0,0.0,-0.0,0.0,-0.0,0.0,0.0,0.0,0.0,-0.0,0.0,0.0,0.0,-0.0,-0.0,0.0,-0.0,0.0,0.0
848,-0.0,0.0,0.0,-0.020028768486644866,-0.3324448290312078,-0.08850208905645174,-0.05222831481709634,0.0,0.047831719382182905,-0.0,-0.10783906898852282,-0.02143015031005668,0.0,-0.0,-0.0,-0.7231319729916891,0.0,0.0,0.028493180503483335,-0.0,0.0,0.0,-0.0,-0.0,0.0,0.0,-0.0,0.0,0.0,-0.0,0.0,-0.0,-0.0,-0.0,-0.0,0.0,0.0,0.0,0.0,-0.0,0.0,0.0,0.0,-0.0,-0.0,0.0,-0.0,0.0,0.0
850,-0.0,-0.0,0.0,0.05024761216824936,0.30078341674252146,-0.026378592418553646,-0.13646753226402591,-0.0,-0.08503416779054737,-0.0,0.1889657080441088,0.025669081140617344,0.0,-0.0,-0.0,-0.12550224324649148,0.0,-0.0,-0.01899545366898889,-0.0,0.0,0.0,-0.0,-0.0,0.0,0.0,-0.0,0.0,0.0,-0.0,0.0,0.0,-0.0,0.0,-0.0,0.0,0.0,0.0,0.0,-0.0,0.0,0.0,0.0,-0.0,-0.0,0.0,-0.0,0.0,0.0
854,-0.0,0.0,-0.0,-0.07273605397781553,-0.6490589519180724,-0.026378592418553646,-0.13646753226402591,-0.0,-0.08503416779054737,-0.0,-0.2067739946660667,0.002119465415280333,-0.0,-0.0,0.0,-0.7231319729916891,0.0,0.0,0.028493180503483335,-0.0,0.0,0.0,-0.0,-0.0,0.0,0.0,-0.0,0.0,0.0,-0.0,-0.0,-0.0,-0.0,0.0,-0.0,0.0,0.0,0.0,0.0,-0.0,0.0,0.0,0.0,-0.0,-0.0,-0.0,-0.0,-0.0,0.0
858,-0.0,-0.0,0.0,0.08538580249569648,0.30078341674252146,-0.05027224497159137,0.20048933752369236,0.0,0.047831719382182905,-0.0,-0.2067739946660667,0.002119465415280333,-0.0,0.0,0.0,-0.7231319729916891,0.0,-0.0,-0.01899545366898889,-0.0,-0.0,0.0,-0.0,0.0,0.0,0.0,-0.0,0.0,0.0,-0.0,0.0,-0.0,-0.0,0.0,-0.0,0.0,0.0,0.0,0.0,-0.0,0.0,0.0,0.0,0.0,-0.0,0.0,-0.0,0.0,0.0
860,-0.0,-0.0,0.0,0.08538580249569648,0.30078341674252146,-0.0215998619079461,0.20048933752369236,0.0,0.047831719382182905,-0.0,0.09003078236656493,0.002119465415280333,-0.0,0.0,0.0,-0.7231319729916891,0.0,-0.0,-0.01899545366898889,-0.0,-0.0,0.0,-0.0,-0.0,-0.0,0.0,-0.0,0.0,0.0,-0.0,0.0,-0.0,0.0,0.0,-0.0,0.0,0.0,0.0,0.0,-0.0,0.0,0.0,0.0,-0.0,-0.0,0.0,-0.0,0.0,0.0
862,-0.0,-0.0,0.0,0.026822151949951287,-0.6490589519180724,-0.007263670376123466,0.11625012007676279,-0.0,0.047831719382182905,0.0,0.09003078236656493,0.002119465415280333,0.0,0.0,0.0,-0.7231319729916891,-0.0,0.0,-0.01899545366898889,-0.0,-0.0,0.0,-0.0,0.0,0.0,0.0,-0.0,0.0,0.0,-0.0,0.0,-0.0,-0.0,0.0,-0.0,0.0,0.0,0.0,-0.0,-0.0,0.0,0.0,0.0,-0.0,-0.0,0.0,-0.0,0.0,0.0
863,-0.0,-0.0,-0.0,-0.07273605397781553,0.30078341674252146,-0.03593605343976874,-0.13646753226402591,-0.0,0.047831719382182905,-0.0,-0.2067739946660667,0.002119465415280333,-0.0,0.0,-0.0,-0.7231319729916891,0.0,-0.0,-0.01899545366898889,-0.0,-0.0,0.0,-0.0,0.0,0.0,0.0,-0.0,0.0,0.0,-0.0,-0.0,-0.0,-0.0,0.0,-0.0,0.0,0.0,0.0,0.0,-0.0,0.0,0.0,0.0,-0.0,-0.0,0.0,-0.0,0.0,0.0
871,-0.0,-0.0,-0.0,-0.07273605397781553,-0.6490589519180724,0.0835322093254199,0.20048933752369236,-0.0,0.047831719382182905,-0.0,-0.2067739946660667,0.002119465415280333,-0.0,-0.0,0.0,-0.12550224324649148,0.0,-0.0,-0.01899545366898889,-0.0,-0.0,0.0,-0.0,0.0,0.0,0.0,-0.0,-0.0,0.0,-0.0,0.0,-0.0,-0.0,0.0,-0.0,0.0,0.0,0.0,0.0,-0.0,0.0,0.0,0.0,-0.0,-0.0,0.0,-0.0,0.0,0.0
872,-0.0,-0.0,0.0,0.07952943744112195,0.30078341674252146,-0.10283828058827436,-0.13646753226402591,-0.0,0.047831719382182905,0.0,-0.2067739946660667,0.002119465415280333,-0.0,-0.0,-0.0,-0.12550224324649148,0.0,-0.0,-0.01899545366898889,-0.0,-0.0,0.0,-0.0,0.0,0.0,0.0,-0.0,0.0,0.0,-0.0,0.0,0.0,-0.0,0.0,-0.0,0.0,0.0,0.0,0.0,-0.0,0.0,0.0,0.0,-0.0,-0.0,0.0,-0.0,0.0,0.0
874,-0.0,-0.0,0.0,0.05024761216824936,0.30078341674252146,-0.09805955007766683,0.03201090262983323,-0.0,0.047831719382182905,-0.0,0.1889657080441088,0.002119465415280333,-0.0,0.0,0.0,-0.7231319729916891,-0.0,0.0,-0.01899545366898889,-0.0,-0.0,0.0,-0.0,-0.0,-0.0,0.0,-0.0,0.0,0.0,-0.0,0.0,-0.0,-0.0,0.0,-0.0,0.0,0.0,0.0,0.0,-0.0,0.0,0.0,-0.0,-0.0,-0.0,0.0,-0.0,0.0,0.0
876,-0.0,-0.0,0.0,0.08538580249569648,-0.6490589519180724,0.0835322093254199,-0.05222831481709634,-0.0,0.047831719382182905,-0.0,0.2879006337216527,0.025669081140617344,-0.0,0.0,0.0,-0.7231319729916891,-0.0,0.0,-0.01899545366898889,-0.0,0.0,0.0,-0.0,-0.0,0.0,0.0,-0.0,0.0,0.0,-0.0,0.0,0.0,-0.0,0.0,-0.0,0.0,0.0,0.0,0.0,-0.0,0.0,0.0,0.0,-0.0,-0.0,0.0,-0.0,0.0,0.0
878,-0.0,-0.0,0.0,0.07952943744112195,0.30078341674252146,-0.1267319331413121,0.20048933752369236,-0.0,0.047831719382182905,-0.0,0.09003078236656493,0.002119465415280333,-0.0,0.0,0.0,-0.12550224324649148,0.0,0.0,0.028493180503483335,-0.0,-0.0,0.0,-0.0,0.0,0.0,0.0,-0.0,0.0,0.0,-0.0,0.0,-0.0,-0.0,0.0,0.0,0.0,0.0,0.0,0.0,-0.0,0.0,0.0,0.0,-0.0,-0.0,0.0,-0.0,0.0,0.0
883,-0.0,-0.0,0.0,0.02096578689537677,-0.3324448290312078,0.08831093983602743,0.20048933752369236,-0.0,0.0035430903246061437,0.0,0.09003078236656493,0.002119465415280333,-0.0,0.0,0.0,-0.7231319729916891,0.0,0.0,0.028493180503483335,-0.0,0.0,0.0,-0.0,-0.0,0.0,0.0,-0.0,0.0,0.0,-0.0,0.0,-0.0,-0.0,0.0,-0.0,0.0,0.0,0.0,0.0,-0.0,0.0,0.0,0.0,0.0,-0.0,0.0,-0.0,0.0,0.0
897,-0.0,-0.0,0.0,0.05024761216824936,0.30078341674252146,-0.026378592418553646,-0.13646753226402591,-0.0,-0.04074553873297061,-0.0,0.1889657080441088,0.002119465415280333,-0.0,-0.0,0.0,-0.12550224324649148,0.0,0.0,0.028493180503483335,-0.0,-0.0,0.0,-0.0,-0.0,-0.0,0.0,-0.0,0.0,0.0,-0.0,0.0,-0.0,-0.0,0.0,-0.0,0.0,0.0,0.0,0.0,-0.0,0.0,0.0,0.0,-0.0,0.0,0.0,-0.0,0.0,0.0
902,-0.0,-0.0,0.0,0.05024761216824936,-0.3324448290312078,-0.09805955007766683,0.11625012007676279,0.0,0.0035430903246061437,0.0,0.1889657080441088,0.002119465415280333,-0.0,-0.0,0.0,-0.12550224324649148,-0.0,0.0,-0.01899545366898889,-0.0,-0.0,0.0,0.0,-0.0,0.0,0.0,-0.0,0.0,0.0,-0.0,0.0,-0.0,-0.0,0.0,-0.0,0.0,0.0,0.0,0.0,-0.0,0.0,0.0,0.0,-0.0,0.0,-0.0,-0.0,-0.0,0.0
906,-0.0,-0.0,-0.0,-0.07273605397781553,-0.015830706144343176,-0.0024849398655159213,0.20048933752369236,0.0,0.047831719382182905,0.0,-0.008904143310978935,-0.02143015031005668,0.0,-0.0,0.0,-0.12550224324649148,0.0,-0.0,-0.01899545366898889,-0.0,-0.0,0.0,-0.0,-0.0,0.0,0.0,0.0,0.0,0.0,-0.0,0.0,-0.0,-0.0,-0.0,-0.0,0.0,0.0,0.0,0.0,-0.0,0.0,0.0,0.0,-0.0,-0.0,0.0,-0.0,0.0,0.0
922,-0.0,-0.0,0.0,0.08538580249569648,0.30078341674252146,-0.026378592418553646,-0.22070674971095547,-0.0,-0.08503416779054737,-0.0,0.09003078236656493,0.002119465415280333,-0.0,0.0,-0.0,0.4721274864987061,0.0,0.0,0.028493180503483335,-0.0,-0.0,0.0,-0.0,0.0,0.0,0.0,-0.0,0.0,0.0,-0.0,0.0,0.0,-0.0,0.0,-0.0,0.0,0.0,0.0,0.0,-0.0,0.0,0.0,0.0,-0.0,-0.0,0.0,-0.0,0.0,0.0
927,-0.0,-0.0,0.0,0.02096578689537677,0.30078341674252146,-0.026378592418553646,0.03201090262983323,-0.0,0.047831719382182905,0.0,-0.10783906898852282,-0.009655342447388172,0.0,-0.0,0.0,-0.12550224324649148,-0.0,0.0,-0.01899545366898889,-0.0,-0.0,0.0,-0.0,0.0,0.0,0.0,-0.0,0.0,0.0,-0.0,0.0,-0.0,-0.0,0.0,-0.0,0.0,0.0,0.0,0.0,-0.0,0.0,0.0,0.0,-0.0,0.0,0.0,-0.0,0.0,0.0
929,-0.0,-0.0,-0.0,-0.07273605397781553,-0.6490589519180724,0.0644172872829897,-0.304945967157885,0.0,-0.12932279684812414,-0.0,-0.10783906898852282,0.002119465415280333,0.0,-0.0,-0.0,-0.12550224324649148,0.0,-0.0,-0.01899545366898889,-0.0,0.0,0.0,-0.0,-0.0,0.0,0.0,-0.0,0.0,0.0,-0.0,0.0,-0.0,-0.0,0.0,-0.0,0.0,0.0,0.0,0.0,-0.0,0.0,-0.0,0.0,-0.0,-0.0,0.0,-0.0,0.0,0.0
931,-0.0,0.0,0.0,-0.07273605397781553,0.30078341674252146,-0.1362893941625272,0.03201090262983323,-0.0,0.047831719382182905,-0.0,-0.10783906898852282,-0.009655342447388172,-0.0,-0.0,-0.0,1.0697572162439037,-0.0,0.0,-0.01899545366898889,-0.0,-0.0,0.0,-0.0,-0.0,-0.0,0.0,-0.0,0.0,0.0,-0.0,0.0,-0.0,-0.0,0.0,-0.0,0.0,0.0,0.0,-0.0,-0.0,0.0,0.0,0.0,-0.0,-0.0,-0.0,-0.0,-0.0,0.0
932,-0.0,-0.0,0.0,0.02096578689537677,0.30078341674252146,-0.026378592418553646,-0.13646753226402591,-0.0,-0.08503416779054737,-0.0,-0.008904143310978935,0.002119465415280333,-0.0,0.0,-0.0,0.4721274864987061,0.0,0.0,0.028493180503483335,-0.0,-0.0,0.0,-0.0,0.0,0.0,0.0,-0.0,-0.0,0.0,-0.0,0.0,-0.0,-0.0,0.0,-0.0,0.0,0.0,0.0,0.0,-0.0,0.0,0.0,0.0,-0.0,-0.0,0.0,-0.0,0.0,0.0
935,-0.0,-0.0,0.0,0.08538580249569648,0.30078341674252146,-0.026378592418553646,-0.13646753226402591,-0.0,-0.08503416779054737,-0.0,0.2879006337216527,0.025669081140617344,-0.0,0.0,0.0,-0.7231319729916891,-0.0,0.0,-0.01899545366898889,-0.0,0.0,0.0,-0.0,-0.0,0.0,0.0,-0.0,0.0,0.0,-0.0,0.0,-0.0,-0.0,-0.0,-0.0,0.0,0.0,0.0,0.0,-0.0,0.0,0.0,0.0,-0.0,-0.0,0.0,-0.0,0.0,0.0
937,-0.0,-0.0,0.0,0.07952943744112195,-0.6490589519180724,0.0739747483042048,0.11625012007676279,0.0,-0.08503416779054737,-0.0,-0.2067739946660667,0.002119465415280333,-0.0,0.0,-0.0,1.0697572162439037,0.0,0.0,0.028493180503483335,-0.0,0.0,0.0,-0.0,-0.0,0.0,0.0,-0.0,0.0,0.0,-0.0,0.0,-0.0,-0.0,0.0,-0.0,0.0,0.0,0.0,0.0,-0.0,0.0,-0.0,0.0,-0.0,-0.0,0.0,-0.0,0.0,0.0
944,-0.0,-0.0,0.0,0.12052399282314359,-0.015830706144343176,-0.0024849398655159213,0.11625012007676279,-0.0,0.047831719382182905,0.0,-0.2067739946660667,0.025669081140617344,-0.0,-0.0,0.0,-0.7231319729916891,0.0,-0.0,-0.01899545366898889,-0.0,-0.0,0.0,-0.0,-0.0,0.0,0.0,0.0,0.0,0.0,-0.0,0.0,0.0,-0.0,0.0,-0.0,0.0,0.0,0.0,0.0,-0.0,0.0,0.0,0.0,-0.0,-0.0,0.0,-0.0,0.0,0.0
945,-0.0,-0.0,0.0,0.02096578689537677,0.30078341674252146,0.011851251666306713,0.11625012007676279,-0.0,0.047831719382182905,-0.0,-0.008904143310978935,0.002119465415280333,-0.0,0.0,-0.0,-0.12550224324649148,-0.0,0.0,-0.01899545366898889,-0.0,-0.0,0.0,-0.0,0.0,0.0,0.0,-0.0,0.0,0.0,-0.0,0.0,0.0,-0.0,0.0,-0.0,0.0,0.0,0.0,0.0,-0.0,0.0,0.0,0.0,-0.0,-0.0,0.0,-0.0,0.0,0.0
947,-0.0,-0.0,-0.0,-0.07273605397781553,-0.6490589519180724,0.09308967034663498,0.11625012007676279,-0.0,0.047831719382182905,0.0,0.09003078236656493,-0.02143015031005668,-0.0,0.0,0.0,-0.7231319729916891,0.0,-0.0,-0.01899545366898889,-0.0,-0.0,0.0,-0.0,0.0,0.0,0.0,-0.0,0.0,0.0,-0.0,0.0,-0.0,-0.0,0.0,-0.0,0.0,0.0,0.0,0.0,-0.0,0.0,0.0,-0.0,-0.0,-0.0,-0.0,-0.0,-0.0,0.0
952,-0.0,-0.0,-0.0,-0.07273605397781553,-0.6490589519180724,-0.10761701109888192,-0.22070674971095547,0.0,0.0035430903246061437,0.0,-0.2067739946660667,-0.009655342447388172,0.0,0.0,-0.0,-0.7231319729916891,-0.0,0.0,-0.01899545366898889,-0.0,-0.0,0.0,0.0,-0.0,0.0,0.0,-0.0,0.0,0.0,-0.0,0.0,-0.0,-0.0,0.0,-0.0,0.0,0.0,0.0,0.0,-0.0,0.0,-0.0,0.0,-0.0,-0.0,-0.0,-0.0,-0.0,0.0
953,-0.0,-0.0,0.0,0.05024761216824936,0.30078341674252146,-0.026378592418553646,0.03201090262983323,-0.0,0.0035430903246061437,-0.0,0.09003078236656493,0.002119465415280333,0.0,0.0,0.0,-0.7231319729916891,0.0,0.0,0.028493180503483335,-0.0,-0.0,0.0,-0.0,-0.0,-0.0,0.0,-0.0,0.0,0.0,-0.0,0.0,-0.0,-0.0,0.0,-0.0,0.0,0.0,0.0,0.0,-0.0,0.0,0.0,0.0,-0.0,0.0,-0.0,-0.0,-0.0,0.0
957,-0.0,-0.0,-0.0,-0.07273605397781553,0.30078341674252146,-0.026378592418553646,0.20048933752369236,-0.0,-0.08503416779054737,-0.0,0.09003078236656493,-0.02143015031005668,-0.0,0.0,0.0,-0.12550224324649148,0.0,0.0,0.028493180503483335,-0.0,-0.0,0.0,-0.0,0.0,0.0,0.0,-0.0,0.0,0.0,-0.0,0.0,0.0,-0.0,0.0,-0.0,0.0,0.0,0.0,0.0,-0.0,0.0,0.0,0.0,-0.0,-0.0,0.0,-0.0,0.0,0.0
959,-0.0,-0.0,-0.0,-0.07273605397781553,0.30078341674252146,0.0835322093254199,-0.13646753226402591,-0.0,0.047831719382182905,0.0,-0.2067739946660667,0.002119465415280333,-0.0,-0.0,0.0,-0.7231319729916891,0.0,-0.0,-0.01899545366898889,-0.0,-0.0,0.0,-0.0,0.0,0.0,0.0,-0.0,-0.0,0.0,-0.0,0.0,-0.0,-0.0,0.0,-0.0,0.0,0.0,0.0,0.0,-0.0,0.0,0.0,0.0,-0.0,-0.0,-0.0,-0.0,-0.0,0.0
968,0.0,-0.0,0.0,0.07952943744112195,-0.3324448290312078,0.05963855677238217,-0.13646753226402591,0.0,0.047831719382182905,0.0,-0.2067739946660667,0.002119465415280333,-0.0,-0.0,-0.0,0.4721274864987061,0.0,0.0,0.028493180503483335,-0.0,0.0,0.0,-0.0,-0.0,0.0,0.0,-0.0,0.0,0.0,-0.0,0.0,-0.0,-0.0,0.0,-0.0,0.0,0.0,0.0,0.0,-0.0,0.0,0.0,0.0,-0.0,-0.0,0.0,-0.0,0.0,0.0
971,-0.0,-0.0,-0.0,-0.07273605397781553,0.30078341674252146,0.10264713136785007,0.11625012007676279,-0.0,0.047831719382182905,-0.0,-0.008904143310978935,-0.02143015031005668,0.0,-0.0,0.0,-0.7231319729916891,-0.0,0.0,-0.01899545366898889,-0.0,-0.0,0.0,-0.0,0.0,0.0,0.0,-0.0,0.0,0.0,-0.0,0.0,0.0,-0.0,0.0,-0.0,0.0,0.0,0.0,0.0,-0.0,0.0,0.0,0.0,-0.0,-0.0,-0.0,-0.0,-0.0,0.0
972,0.0,-0.0,0.0,0.02096578689537677,-0.6490589519180724,-0.026378592418553646,-0.13646753226402591,-0.0,0.047831719382182905,-0.0,-0.2067739946660667,0.002119465415280333,-0.0,0.0,-0.0,-0.12550224324649148,-0.0,0.0,-0.01899545366898889,-0.0,-0.0,0.0,-0.0,0.0,0.0,0.0,-0.0,0.0,0.0,-0.0,0.0,-0.0,-0.0,0.0,-0.0,0.0,0.0,0.0,0.0,-0.0,0.0,0.0,0.0,0.0,-0.0,0.0,-0.0,0.0,0.0
979,-0.0,-0.0,-0.0,0.13223672293229263,0.30078341674252146,-0.1362893941625272,-0.05222831481709634,-0.0,-0.08503416779054737,0.0,0.2879006337216527,0.002119465415280333,-0.0,-0.0,0.0,-0.7231319729916891,0.0,-0.0,-0.01899545366898889,-0.0,-0.0,0.0,-0.0,-0.0,-0.0,0.0,-0.0,0.0,0.0,-0.0,0.0,0.0,-0.0,0.0,-0.0,0.0,0.0,0.0,0.0,-0.0,0.0,0.0,0.0,-0.0,-0.0,0.0,0.0,-0.0,0.0
986,-0.0,-0.0,-0.0,-0.07273605397781553,0.30078341674252146,-0.03593605343976874,-0.05222831481709634,-0.0,-0.08503416779054737,-0.0,-0.008904143310978935,-0.02143015031005668,0.0,-0.0,-0.0,-0.12550224324649148,-0.0,0.0,-0.01899545366898889,-0.0,-0.0,0.0,-0.0,0.0,0.0,0.0,-0.0,-0.0,0.0,-0.0,0.0,-0.0,-0.0,0.0,-0.0,0.0,0.0,0.0,0.0,-0.0,0.0,0.0,0.0,-0.0,-0.0,0.0,-0.0,0.0,0.0
991,-0.0,-0.0,0.0,0.07952943744112195,-0.3324448290312078,-0.06938716701402155,0.11625012007676279,-0.0,0.047831719382182905,-0.0,0.09003078236656493,-0.009655342447388172,0.0,0.0,0.0,-0.7231319729916891,0.0,0.0,0.028493180503483335,-0.0,-0.0,0.0,-0.0,-0.0,0.0,-0.0,-0.0,0.0,0.0,-0.0,0.0,-0.0,-0.0,-0.0,-0.0,0.0,0.0,0.0,0.0,-0.0,0.0,0.0,0.0,-0.0,-0.0,0.0,-0.0,0.0,0.0
1001,-0.0,-0.0,0.0,0.02096578689537677,0.30078341674252146,-0.026378592418553646,-0.13646753226402591,-0.0,-0.04074553873297061,-0.0,-0.10783906898852282,0.025669081140617344,-0.0,0.0,-0.0,-0.12550224324649148,-0.0,0.0,-0.01899545366898889,-0.0,0.0,0.0,-0.0,-0.0,0.0,0.0,-0.0,0.0,0.0,-0.0,0.0,0.0,-0.0,0.0,-0.0,0.0,0.0,0.0,0.0,-0.0,0.0,0.0,0.0,-0.0,-0.0,-0.0,-0.0,-0.0,0.0
1014,-0.0,0.0,0.0,0.02096578689537677,-0.6490589519180724,-0.031157322929161194,-0.13646753226402591,-0.0,0.047831719382182905,-0.0,-0.10783906898852282,0.002119465415280333,0.0,0.0,-0.0,-0.7231319729916891,0.0,-0.0,-0.01899545366898889,-0.0,-0.0,0.0,-0.0,0.0,0.0,0.0,-0.0,0.0,0.0,-0.0,-0.0,-0.0,-0.0,0.0,-0.0,0.0,0.0,0.0,0.0,-0.0,0.0,0.0,0.0,-0.0,-0.0,-0.0,-0.0,-0.0,0.0
1015,-0.0,-0.0,-0.0,-0.07273605397781553,-0.6490589519180724,0.0835322093254199,-0.05222831481709634,-0.0,0.047831719382182905,-0.0,-0.2067739946660667,-0.02143015031005668,-0.0,0.0,0.0,-0.12550224324649148,-0.0,0.0,-0.01899545366898889,-0.0,-0.0,0.0,-0.0,-0.0,-0.0,0.0,-0.0,0.0,0.0,-0.0,0.0,-0.0,-0.0,-0.0,-0.0,0.0,0.0,0.0,0.0,-0.0,0.0,0.0,0.0,-0.0,-0.0,0.0,-0.0,0.0,0.0
1021,-0.0,-0.0,0.0,0.13223672293229263,0.30078341674252146,-0.1267319331413121,-0.05222831481709634,-0.0,-0.04074553873297061,-0.0,-0.008904143310978935,0.002119465415280333,-0.0,0.0,0.0,-0.12550224324649148,0.0,0.0,0.028493180503483335,-0.0,0.0,0.0,-0.0,-0.0,0.0,0.0,-0.0,0.0,0.0,-0.0,0.0,0.0,-0.0,0.0,-0.0,0.0,0.0,0.0,0.0,-0.0,0.0,0.0,0.0,-0.0,-0.0,-0.0,-0.0,-0.0,0.0
1024,-0.0,-0.0,-0.0,-0.07273605397781553,-0.6490589519180724,0.09786840085724252,0.20048933752369236,-0.0,0.047831719382182905,0.0,-0.2067739946660667,0.002119465415280333,-0.0,0.0,0.0,-0.7231319729916891,0.0,0.0,0.028493180503483335,-0.0,-0.0,0.0,0.0,-0.0,0.0,0.0,-0.0,0.0,0.0,-0.0,0.0,-0.0,-0.0,0.0,-0.0,0.0,0.0,0.0,0.0,-0.0,0.0,0.0,0.0,-0.0,-0.0,0.0,-0.0,0.0,0.0
1025,-0.0,-0.0,0.0,0.08538580249569648,-0.6490589519180724,-0.026378592418553646,-0.05222831481709634,-0.0,0.0035430903246061437,-0.0,0.1889657080441088,0.01389427327794884,0.0,-0.0,0.0,-0.7231319729916891,-0.0,0.0,-0.01899545366898889,-0.0,-0.0,0.0,-0.0,0.0,0.0,0.0,-0.0,0.0,0.0,-0.0,-0.0,-0.0,-0.0,0.0,-0.0,0.0,0.0,0.0,0.0,-0.0,0.0,0.0,0.0,-0.0,-0.0,0.0,0.0,-0.0,0.0
1029,-0.0,-0.0,-0.0,-0.07273605397781553,0.30078341674252146,-0.026378592418553646,0.20048933752369236,-0.0,-0.08503416779054737,-0.0,0.1889657080441088,0.002119465415280333,-0.0,-0.0,0.0,-0.12550224324649148,0.0,0.0,0.028493180503483335,-0.0,-0.0,0.0,-0.0,-0.0,-0.0,0.0,-0.0,0.0,0.0,-0.0,0.0,0.0,-0.0,0.0,-0.0,0.0,0.0,0.0,0.0,-0.0,0.0,0.0,0.0,-0.0,-0.0,0.0,-0.0,0.0,0.0
1031,-0.0,-0.0,0.0,0.08538580249569648,-0.6490589519180724,-0.026378592418553646,0.11625012007676279,-0.0,0.047831719382182905,-0.0,-0.008904143310978935,-0.02143015031005668,0.0,-0.0,0.0,-0.7231319729916891,0.0,-0.0,-0.01899545366898889,-0.0,0.0,0.0,-0.0,-0.0,0.0,0.0,-0.0,0.0,0.0,-0.0,-0.0,-0.0,-0.0,0.0,-0.0,0.0,0.0,0.0,0.0,-0.0,0.0,0.0,0.0,-0.0,-0.0,-0.0,-0.0,-0.0,0.0
1037,-0.0,-0.0,-0.0,0.091242167550271,0.30078341674252146,-0.06938716701402155,-0.05222831481709634,-0.0,0.047831719382182905,-0.0,0.09003078236656493,0.002119465415280333,-0.0,0.0,-0.0,0.4721274864987061,0.0,0.0,0.028493180503483335,-0.0,-0.0,0.0,-0.0,-0.0,-0.0,0.0,-0.0,0.0,0.0,-0.0,0.0,-0.0,0.0,0.0,-0.0,0.0,0.0,0.0,0.0,-0.0,0.0,0.0,0.0,-0.0,-0.0,0.0,-0.0,0.0,0.0
1039,-0.0,-0.0,0.0,0.02096578689537677,0.30078341674252146,-0.026378592418553646,0.20048933752369236,-0.0,0.0035430903246061437,-0.0,0.1889657080441088,0.002119465415280333,-0.0,0.0,0.0,-0.12550224324649148,0.0,0.0,0.028493180503483335,-0.0,-0.0,0.0,-0.0,0.0,0.0,0.0,-0.0,0.0,0.0,-0.0,0.0,0.0,-0.0,0.0,-0.0,0.0,0.0,0.0,0.0,-0.0,0.0,0.0,0.0,-0.0,-0.0,0.0,-0.0,0.0,0.0
1041,-0.0,-0.0,0.0,0.08538580249569648,-0.6490589519180724,0.0644172872829897,0.20048933752369236,-0.0,-0.12932279684812414,-0.0,-0.008904143310978935,0.002119465415280333,-0.0,-0.0,0.0,-0.7231319729916891,0.0,-0.0,-0.01899545366898889,-0.0,-0.0,0.0,-0.0,-0.0,-0.0,0.0,-0.0,-0.0,0.0,-0.0,0.0,-0.0,-0.0,0.0,-0.0,0.0,0.0,0.0,0.0,-0.0,0.0,0.0,0.0,-0.0,-0.0,0.0,0.0,-0.0,0.0
1048,0.0,0.0,0.0,-0.09030514914153909,-0.015830706144343176,-0.0024849398655159213,0.03201090262983323,-0.0,-0.12932279684812414,0.0,-0.10783906898852282,0.002119465415280333,-0.0,-0.0,-0.0,-0.7231319729916891,0.0,-0.0,-0.01899545366898889,-0.0,-0.0,0.0,-0.0,-0.0,0.0,0.0,0.0,-0.0,0.0,-0.0,0.0,-0.0,-0.0,0.0,-0.0,0.0,0.0,0.0,0.0,-0.0,0.0,0.0,0.0,-0.0,-0.0,-0.0,-0.0,-0.0,0.0
1051,-0.0,-0.0,-0.0,-0.07273605397781553,0.30078341674252146,-0.06938716701402155,0.11625012007676279,-0.0,0.0035430903246061437,-0.0,-0.2067739946660667,0.002119465415280333,0.0,-0.0,0.0,-0.12550224324649148,-0.0,0.0,-0.01899545366898889,-0.0,-0.0,0.0,-0.0,-0.0,-0.0,0.0,-0.0,0.0,0.0,-0.0,0.0,0.0,-0.0,0.0,-0.0,0.0,0.0,0.0,0.0,-0.0,0.0,0.0,0.0,-0.0,-0.0,0.0,-0.0,0.0,0.0
1053,-0.0,-0.0,-0.0,-0.07273605397781553,-0.6490589519180724,-0.026378592418553646,-0.13646753226402591,-0.0,-0.08503416779054737,-0.0,-0.2067739946660667,0.002119465415280333,-0.0,0.0,0.0,-0.7231319729916891,0.0,-0.0,-0.01899545366898889,-0.0,-0.0,0.0,-0.0,-0.0,-0.0,0.0,-0.0,0.0,0.0,-0.0,-0.0,-0.0,-0.0,0.0,-0.0,0.0,0.0,0.0,0.0,-0.0,0.0,0.0,0.0,-0.0,-0.0,-0.0,-0.0,-0.0,0.0
1063,-0.0,-0.0,0.0,0.08538580249569648,0.30078341674252146,0.0835322093254199,0.11625012007676279,-0.0,0.0035430903246061437,-0.0,0.09003078236656493,0.002119465415280333,-0.0,-0.0,0.0,-0.7231319729916891,0.0,-0.0,-0.01899545366898889,-0.0,-0.0,0.0,-0.0,-0.0,-0.0,0.0,-0.0,0.0,0.0,-0.0,0.0,-0.0,-0.0,0.0,-0.0,0.0,0.0,0.0,0.0,-0.0,0.0,0.0,0.0,-0.0,0.0,0.0,-0.0,0.0,0.0
1072,-0.0,-0.0,0.0,0.13223672293229263,-0.3324448290312078,-0.0741658975246291,-0.05222831481709634,0.0,-0.08503416779054737,-0.0,-0.10783906898852282,-0.009655342447388172,0.0,0.0,-0.0,-0.12550224324649148,0.0,0.0,0.028493180503483335,-0.0,0.0,0.0,-0.0,-0.0,0.0,0.0,-0.0,0.0,0.0,-0.0,-0.0,-0.0,-0.0,0.0,-0.0,0.0,0.0,0.0,0.0,-0.0,0.0,0.0,0.0,-0.0,-0.0,-0.0,-0.0,-0.0,0.0
1083,-0.0,-0.0,0.0,0.08538580249569648,0.30078341674252146,0.09308967034663498,-0.05222831481709634,-0.0,0.047831719382182905,-0.0,-0.2067739946660667,0.002119465415280333,-0.0,-0.0,-0.0,-0.7231319729916891,0.0,-0.0,-0.01899545366898889,-0.0,-0.0,0.0,-0.0,-0.0,-0.0,0.0,-0.0,0.0,0.0,-0.0,0.0,0.0,-0.0,0.0,-0.0,0.0,0.0,0.0,0.0,-0.0,0.0,0.0,0.0,-0.0,-0.0,0.0,-0.0,0.0,0.0
1087,-0.0,-0.0,-0.0,-0.07273605397781553,-0.6490589519180724,-0.026378592418553646,0.11625012007676279,-0.0,-0.04074553873297061,-0.0,-0.10783906898852282,0.002119465415280333,-0.0,0.0,0.0,-0.12550224324649148,0.0,0.0,0.028493180503483335,-0.0,-0.0,0.0,-0.0,-0.0,-0.0,0.0,-0.0,0.0,0.0,-0.0,0.0,-0.0,-0.0,0.0,-0.0,0.0,0.0,0.0,0.0,-0.0,0.0,-0.0,0.0,-0.0,-0.0,0.0,-0.0,0.0,0.0
1090,-0.0,-0.0,0.0,0.13223672293229263,0.30078341674252146,0.0835322093254199,-0.05222831481709634,-0.0,0.047831719382182905,-0.0,0.09003078236656493,-0.02143015031005668,-0.0,0.0,0.0,-0.7231319729916891,-0.0,0.0,-0.01899545366898889,-0.0,-0.0,0.0,-0.0,0.0,0.0,0.0,-0.0,0.0,0.0,-0.0,0.0,0.0,-0.0,0.0,-0.0,0.0,0.0,0.0,0.0,-0.0,0.0,0.0,0.0,-0.0,-0.0,-0.0,-0.0,-0.0,0.0
1092,-0.0,-0.0,0.0,0.05024761216824936,-0.6490589519180724,-0.007263670376123466,0.20048933752369236,-0.0,0.047831719382182905,-0.0,-0.2067739946660667,0.002119465415280333,-0.0,-0.0,0.0,-0.7231319729916891,0.0,-0.0,-0.01899545366898889,-0.0,-0.0,0.0,-0.0,0.0,0.0,0.0,-0.0,0.0,0.0,-0.0,0.0,-0.0,-0.0,0.0,-0.0,0.0,-0.0,0.0,0.0,-0.0,0.0,0.0,0.0,-0.0,-0.0,0.0,-0.0,0.0,0.0
1096,-0.0,-0.0,-0.0,-0.07273605397781553,0.30078341674252146,-0.026378592418553646,0.03201090262983323,-0.0,-0.08503416779054737,-0.0,0.09003078236656493,0.002119465415280333,-0.0,-0.0,-0.0,0.4721274864987061,-0.0,0.0,-0.01899545366898889,-0.0,-0.0,0.0,-0.0,0.0,0.0,0.0,-0.0,0.0,0.0,-0.0,0.0,0.0,-0.0,0.0,-0.0,0.0,0.0,0.0,0.0,-0.0,0.0,0.0,0.0,-0.0,-0.0,0.0,0.0,-0.0,0.0
1110,-0.0,0.0,-0.0,-0.07273605397781553,0.30078341674252146,-0.05027224497159137,-0.05222831481709634,-0.0,0.047831719382182905,-0.0,-0.008904143310978935,0.002119465415280333,-0.0,-0.0,0.0,-0.12550224324649148,0.0,0.0,0.028493180503483335,-0.0,-0.0,0.0,-0.0,-0.0,-0.0,0.0,-0.0,0.0,0.0,-0.0,0.0,0.0,-0.0,0.0,-0.0,0.0,0.0,0.0,0.0,-0.0,0.0,0.0,0.0,-0.0,-0.0,-0.0,-0.0,-0.0,0.0
1129,-0.0,-0.0,0.0,0.02096578689537677,0.30078341674252146,-0.026378592418553646,0.11625012007676279,-0.0,0.047831719382182905,-0.0,-0.10783906898852282,0.002119465415280333,-0.0,-0.0,0.0,-0.7231319729916891,-0.0,0.0,-0.01899545366898889,-0.0,-0.0,0.0,-0.0,0.0,0.0,0.0,-0.0,0.0,0.0,-0.0,0.0,-0.0,0.0,0.0,-0.0,0.0,0.0,0.0,0.0,-0.0,0.0,0.0,0.0,-0.0,-0.0,0.0,-0.0,0.0,0.0
1132,-0.0,-0.0,0.0,0.05024761216824936,0.30078341674252146,-0.026378592418553646,-0.13646753226402591,-0.0,-0.04074553873297061,-0.0,0.1889657080441088,0.002119465415280333,-0.0,-0.0,0.0,-0.12550224324649148,0.0,0.0,0.028493180503483335,-0.0,-0.0,0.0,-0.0,-0.0,-0.0,0.0,-0.0,0.0,0.0,-0.0,0.0,-0.0,0.0,0.0,-0.0,0.0,0.0,0.0,0.0,-0.0,0.0,0.0,0.0,-0.0,-0.0,0.0,-0.0,0.0,0.0
1133,-0.0,-0.0,0.0,0.02096578689537677,0.30078341674252146,-0.045493514460983826,0.03201090262983323,-0.0,0.047831719382182905,0.0,0.09003078236656493,0.002119465415280333,-0.0,-0.0,0.0,-0.7231319729916891,0.0,-0.0,-0.01899545366898889,-0.0,-0.0,0.0,-0.0,0.0,0.0,0.0,-0.0,0.0,0.0,-0.0,0.0,0.0,-0.0,0.0,-0.0,0.0,0.0,0.0,0.0,-0.0,0.0,0.0,0.0,-0.0,-0.0,0.0,-0.0,0.0,0.0
1137,-0.0,-0.0,0.0,0.05024761216824936,-0.6490589519180724,-0.1267319331413121,-0.13646753226402591,-0.0,0.047831719382182905,0.0,-0.2067739946660667,-0.02143015031005668,0.0,0.0,-0.0,-0.12550224324649148,-0.0,0.0,-0.01899545366898889,-0.0,-0.0,0.0,-0.0,0.0,0.0,0.0,-0.0,-0.0,0.0,-0.0,0.0,-0.0,-0.0,0.0,-0.0,0.0,0.0,0.0,0.0,-0.0,0.0,0.0,0.0,-0.0,-0.0,0.0,-0.0,0.0,0.0
1138,-0.0,-0.0,0.0,0.07367307238654744,-0.6490589519180724,-0.0215998619079461,-0.05222831481709634,0.0,0.0035430903246061437,0.0,-0.10783906898852282,0.025669081140617344,-0.0,-0.0,0.0,-0.7231319729916891,0.0,-0.0,-0.01899545366898889,-0.0,-0.0,0.0,0.0,-0.0,0.0,0.0,-0.0,0.0,0.0,-0.0,0.0,-0.0,-0.0,0.0,-0.0,0.0,0.0,0.0,0.0,-0.0,0.0,0.0,0.0,-0.0,0.0,-0.0,-0.0,-0.0,0.0
1139,0.0,-0.0,-0.0,-0.07273605397781553,-0.6490589519180724,0.10264713136785007,0.20048933752369236,-0.0,0.0035430903246061437,-0.0,0.09003078236656493,0.002119465415280333,-0.0,-0.0,-0.0,-0.12550224324649148,-0.0,0.0,-0.01899545366898889,-0.0,-0.0,0.0,-0.0,-0.0,-0.0,0.0,-0.0,0.0,0.0,-0.0,0.0,0.0,-0.0,0.0,-0.0,0.0,0.0,0.0,0.0,-0.0,0.0,0.0,0.0,-0.0,-0.0,-0.0,-0.0,-0.0,0.0
1141,-0.0,-0.0,-0.0,-0.07273605397781553,-0.3324448290312078,0.04530236524055953,-0.22070674971095547,0.0,0.0035430903246061437,0.0,-0.2067739946660667,0.002119465415280333,-0.0,-0.0,0.0,-0.12550224324649148,0.0,0.0,0.028493180503483335,-0.0,-0.0,0.0,0.0,-0.0,0.0,0.0,-0.0,0.0,0.0,-0.0,0.0,0.0,-0.0,0.0,-0.0,0.0,0.0,0.0,0.0,-0.0,0.0,0.0,0.0,-0.0,-0.0,0.0,-0.0,0.0,0.0
1148,-0.0,-0.0,0.0,0.08538580249569648,-0.015830706144343176,0.04530236524055953,0.11625012007676279,0.0,0.047831719382182905,-0.0,-0.10783906898852282,-0.02143015031005668,0.0,0.0,-0.0,-0.7231319729916891,-0.0,0.0,-0.01899545366898889,-0.0,-0.0,0.0,-0.0,-0.0,0.0,0.0,0.0,0.0,0.0,-0.0,0.0,-0.0,-0.0,0.0,-0.0,-0.0,0.0,0.0,0.0,-0.0,0.0,0.0,0.0,-0.0,-0.0,-0.0,-0.0,-0.0,0.0
1152,-0.0,-0.0,-0.0,-0.07273605397781553,-0.6490589519180724,0.026187443198129347,0.20048933752369236,-0.0,0.0035430903246061437,-0.0,-0.2067739946660667,0.002119465415280333,0.0,-0.0,0.0,-0.7231319729916891,0.0,-0.0,-0.01899545366898889,-0.0,-0.0,0.0,-0.0,0.0,0.0,0.0,-0.0,0.0,0.0,-0.0,0.0,-0.0,-0.0,0.0,-0.0,0.0,-0.0,0.0,0.0,-0.0,0.0,0.0,0.0,-0.0,-0.0,0.0,-0.0,0.0,0.0
1156,-0.0,-0.0,0.0,0.02096578689537677,-0.6490589519180724,-0.026378592418553646,0.03201090262983323,-0.0,0.0035430903246061437,-0.0,0.1889657080441088,-0.009655342447388172,-0.0,0.0,0.0,-0.7231319729916891,0.0,0.0,0.028493180503483335,-0.0,-0.0,0.0,-0.0,0.0,0.0,0.0,-0.0,0.0,0.0,-0.0,0.0,-0.0,-0.0,0.0,-0.0,0.0,0.0,0.0,0.0,-0.0,0.0,0.0,0.0,-0.0,0.0,0.0,-0.0,0.0,0.0
1167,-0.0,-0.0,0.0,0.05024761216824936,0.30078341674252146,0.011851251666306713,-0.05222831481709634,-0.0,0.0035430903246061437,-0.0,0.2879006337216527,0.002119465415280333,-0.0,-0.0,-0.0,0.4721274864987061,-0.0,0.0,-0.01899545366898889,-0.0,-0.0,0.0,-0.0,0.0,0.0,0.0,-0.0,0.0,0.0,-0.0,0.0,-0.0,0.0,0.0,-0.0,0.0,0.0,0.0,0.0,-0.0,0.0,0.0,0.0,-0.0,-0.0,0.0,-0.0,0.0,0.0
1168,-0.0,-0.0,0.0,-0.07273605397781553,0.30078341674252146,0.0835322093254199,0.11625012007676279,-0.0,0.047831719382182905,-0.0,0.1889657080441088,-0.02143015031005668,-0.0,0.0,-0.0,0.4721274864987061,-0.0,0.0,-0.01899545366898889,-0.0,-0.0,0.0,-0.0,0.0,0.0,0.0,-0.0,0.0,0.0,-0.0,0.0,-0.0,0.0,0.0,-0.0,0.0,0.0,0.0,0.0,-0.0,0.0,0.0,0.0,-0.0,-0.0,0.0,-0.0,0.0,0.0
1175,-0.0,-0.0,0.0,0.08538580249569648,0.30078341674252146,-0.026378592418553646,0.03201090262983323,-0.0,0.047831719382182905,-0.0,-0.10783906898852282,-0.009655342447388172,-0.0,-0.0,0.0,-0.7231319729916891,0.0,-0.0,-0.01899545366898889,-0.0,-0.0,0.0,-0.0,-0.0,-0.0,0.0,-0.0,-0.0,0.0,-0.0,0.0,-0.0,-0.0,0.0,-0.0,0.0,0.0,0.0,0.0,-0.0,0.0,0.0,0.0,-0.0,-0.0,0.0,-0.0,0.0,0.0
1182,-0.0,-0.0,-0.0,0.05024761216824936,-0.3324448290312078,0.0739747483042048,0.03201090262983323,-0.0,0.0035430903246061437,0.0,0.1889657080441088,0.002119465415280333,-0.0,0.0,-0.0,0.4721274864987061,0.0,0.0,0.028493180503483335,-0.0,-0.0,0.0,-0.0,-0.0,-0.0,0.0,-0.0,0.0,0.0,-0.0,0.0,0.0,-0.0,0.0,-0.0,0.0,0.0,0.0,0.0,-0.0,0.0,0.0,0.0,-0.0,-0.0,0.0,0.0,-0.0,0.0
1183,-0.0,-0.0,0.0,0.08538580249569648,0.30078341674252146,-0.026378592418553646,0.03201090262983323,-0.0,0.047831719382182905,-0.0,0.2879006337216527,0.002119465415280333,0.0,-0.0,0.0,-0.7231319729916891,0.0,0.0,0.028493180503483335,-0.0,-0.0,0.0,-0.0,0.0,0.0,0.0,-0.0,0.0,0.0,-0.0,0.0,-0.0,0.0,0.0,-0.0,0.0,0.0,0.0,0.0,-0.0,0.0,0.0,0.0,-0.0,-0.0,0.0,-0.0,0.0,0.0
1184,-0.0,-0.0,-0.0,-0.07273605397781553,0.30078341674252146,-0.09805955007766683,-0.05222831481709634,-0.0,0.0035430903246061437,-0.0,0.09003078236656493,0.002119465415280333,-0.0,-0.0,-0.0,-0.12550224324649148,0.0,0.0,0.028493180503483335,-0.0,-0.0,0.0,-0.0,-0.0,-0.0,0.0,-0.0,0.0,0.0,-0.0,0.0,-0.0,-0.0,0.0,-0.0,0.0,0.0,0.0,0.0,-0.0,0.0,0.0,-0.0,-0.0,-0.0,0.0,-0.0,0.0,0.0
1187,-0.0,-0.0,0.0,0.13223672293229263,0.30078341674252146,-0.026378592418553646,-0.05222831481709634,-0.0,-0.08503416779054737,-0.0,0.1889657080441088,0.025669081140617344,-0.0,0.0,0.0,-0.7231319729916891,0.0,-0.0,-0.01899545366898889,-0.0,-0.0,0.0,-0.0,0.0,0.0,0.0,-0.0,0.0,0.0,-0.0,0.0,0.0,-0.0,0.0,-0.0,0.0,0.0,0.0,0.0,-0.0,0.0,0.0,0.0,-0.0,-0.0,0.0,-0.0,0.0,0.0
1199,-0.0,-0.0,-0.0,-0.07273605397781553,-0.6490589519180724,0.10264713136785007,0.03201090262983323,-0.0,0.047831719382182905,-0.0,-0.2067739946660667,0.002119465415280333,-0.0,-0.0,0.0,-0.12550224324649148,0.0,0.0,0.028493180503483335,-0.0,-0.0,0.0,-0.0,0.0,0.0,0.0,-0.0,-0.0,0.0,-0.0,0.0,-0.0,-0.0,0.0,-0.0,0.0,0.0,0.0,0.0,-0.0,0.0,0.0,0.0,-0.0,-0.0,0.0,-0.0,0.0,0.0
1201,-0.0,-0.0,-0.0,-0.07273605397781553,0.30078341674252146,-0.05027224497159137,-0.05222831481709634,-0.0,0.047831719382182905,-0.0,0.2879006337216527,0.002119465415280333,-0.0,-0.0,-0.0,1.0697572162439037,-0.0,0.0,-0.01899545366898889,-0.0,-0.0,0.0,-0.0,-0.0,-0.0,0.0,-0.0,0.0,0.0,-0.0,0.0,0.0,-0.0,0.0,-0.0,0.0,0.0,0.0,0.0,-0.0,0.0,0.0,0.0,-0.0,-0.0,0.0,0.0,-0.0,0.0
1202,-0.0,-0.0,-0.0,-0.07273605397781553,-0.6490589519180724,0.026187443198129347,0.03201090262983323,-0.0,0.047831719382182905,0.0,-0.008904143310978935,0.002119465415280333,-0.0,0.0,0.0,-0.7231319729916891,0.0,-0.0,-0.01899545366898889,-0.0,-0.0,0.0,-0.0,0.0,0.0,0.0,-0.0,0.0,0.0,-0.0,0.0,-0.0,0.0,0.0,-0.0,0.0,0.0,0.0,0.0,-0.0,0.0,0.0,0.0,-0.0,-0.0,0.0,-0.0,0.0,0.0
1204,-0.0,-0.0,-0.0,-0.07273605397781553,-0.6490589519180724,-0.026378592418553646,-0.13646753226402591,-0.0,-0.08503416779054737,-0.0,-0.008904143310978935,0.025669081140617344,0.0,-0.0,0.0,-0.7231319729916891,0.0,0.0,0.028493180503483335,-0.0,-0.0,0.0,-0.0,-0.0,0.0,-0.0,-0.0,0.0,0.0,-0.0,0.0,0.0,-0.0,0.0,-0.0,0.0,0.0,0.0,0.0,-0.0,0.0,0.0,0.0,-0.0,-0.0,0.0,-0.0,0.0,0.0
1206,-0.0,-0.0,-0.0,-0.07273605397781553,-0.6490589519180724,-0.04071478395037628,-0.13646753226402591,0.0,-0.08503416779054737,0.0,-0.008904143310978935,-0.009655342447388172,-0.0,-0.0,0.0,-0.12550224324649148,0.0,-0.0,-0.01899545366898889,-0.0,-0.0,0.0,-0.0,-0.0,-0.0,0.0,-0.0,0.0,0.0,-0.0,0.0,-0.0,-0.0,0.0,-0.0,0.0,0.0,0.0,0.0,-0.0,0.0,-0.0,0.0,-0.0,-0.0,0.0,-0.0,-0.0,-0.0
1209,-0.0,-0.0,-0.0,-0.07273605397781553,0.30078341674252146,0.10264713136785007,0.20048933752369236,-0.0,0.047831719382182905,-0.0,-0.10783906898852282,-0.02143015031005668,0.0,-0.0,0.0,-0.7231319729916891,0.0,0.0,0.028493180503483335,-0.0,-0.0,0.0,-0.0,-0.0,-0.0,0.0,-0.0,0.0,0.0,-0.0,0.0,0.0,-0.0,0.0,-0.0,0.0,0.0,0.0,0.0,-0.0,0.0,0.0,0.0,-0.0,-0.0,0.0,-0.0,0.0,0.0
1212,-0.0,-0.0,0.0,0.08538580249569648,0.30078341674252146,0.011851251666306713,0.11625012007676279,-0.0,0.047831719382182905,-0.0,-0.2067739946660667,0.01389427327794884,-0.0,-0.0,0.0,-0.12550224324649148,0.0,-0.0,-0.01899545366898889,-0.0,-0.0,0.0,-0.0,0.0,0.0,0.0,-0.0,0.0,0.0,-0.0,0.0,-0.0,-0.0,0.0,-0.0,0.0,0.0,0.0,0.0,-0.0,0.0,0.0,0.0,0.0,-0.0,-0.0,-0.0,-0.0,0.0
1213,0.0,-0.0,0.0,0.07952943744112195,0.30078341674252146,-0.11239574160948945,-0.13646753226402591,-0.0,0.0035430903246061437,-0.0,0.09003078236656493,0.002119465415280333,-0.0,-0.0,0.0,1.0697572162439037,-0.0,0.0,-0.01899545366898889,-0.0,0.0,0.0,-0.0,-0.0,0.0,0.0,-0.0,0.0,0.0,-0.0,0.0,-0.0,-0.0,0.0,0.0,0.0,0.0,0.0,0.0,-0.0,0.0,0.0,0.0,-0.0,-0.0,0.0,-0.0,0.0,0.0
1214,-0.0,-0.0,-0.0,-0.07273605397781553,0.30078341674252146,0.0022937906450916238,-0.13646753226402591,-0.0,-0.04074553873297061,-0.0,0.1889657080441088,0.002119465415280333,0.0,-0.0,-0.0,-0.12550224324649148,-0.0,0.0,-0.01899545366898889,-0.0,-0.0,0.0,-0.0,-0.0,-0.0,0.0,-0.0,0.0,0.0,-0.0,0.0,0.0,-0.0,0.0,-0.0,0.0,0.0,0.0,0.0,-0.0,0.0,0.0,0.0,-0.0,-0.0,-0.0,-0.0,-0.0,0.0
1215,-0.0,-0.0,-0.0,-0.07273605397781553,0.30078341674252146,0.0835322093254199,0.03201090262983323,-0.0,0.047831719382182905,-0.0,0.1889657080441088,0.002119465415280333,-0.0,0.0,0.0,-0.12550224324649148,-0.0,0.0,-0.01899545366898889,-0.0,-0.0,0.0,-0.0,0.0,0.0,0.0,-0.0,0.0,0.0,-0.0,0.0,0.0,-0.0,0.0,-0.0,0.0,0.0,0.0,0.0,-0.0,0.0,0.0,0.0,-0.0,-0.0,0.0,-0.0,0.0,0.0
1216,-0.0,-0.0,0.0,-0.002459673322921308,0.30078341674252146,-0.09805955007766683,0.11625012007676279,-0.0,0.047831719382182905,0.0,-0.008904143310978935,0.002119465415280333,0.0,-0.0,0.0,-0.7231319729916891,-0.0,0.0,-0.01899545366898889,-0.0,-0.0,0.0,-0.0,0.0,0.0,0.0,-0.0,0.0,0.0,-0.0,0.0,0.0,-0.0,0.0,-0.0,0.0,0.0,0.0,0.0,-0.0,0.0,0.0,0.0,-0.0,-0.0,0.0,-0.0,0.0,0.0
1218,-0.0,-0.0,0.0,0.07952943744112195,0.30078341674252146,-0.06938716701402155,-0.05222831481709634,-0.0,0.047831719382182905,-0.0,0.09003078236656493,0.025669081140617344,-0.0,0.0,-0.0,-0.7231319729916891,0.0,-0.0,-0.01899545366898889,-0.0,-0.0,0.0,-0.0,0.0,0.0,0.0,-0.0,0.0,0.0,-0.0,0.0,-0.0,-0.0,0.0,-0.0,0.0,0.0,0.0,0.0,-0.0,0.0,0.0,0.0,-0.0,0.0,0.0,-0.0,0.0,0.0
1219,-0.0,-0.0,-0.0,-0.07273605397781553,-0.6490589519180724,0.026187443198129347,-0.22070674971095547,-0.0,0.0035430903246061437,-0.0,-0.2067739946660667,0.002119465415280333,-0.0,-0.0,-0.0,-0.7231319729916891,0.0,0.0,0.028493180503483335,-0.0,0.0,0.0,-0.0,-0.0,0.0,0.0,-0.0,0.0,0.0,-0.0,0.0,-0.0,-0.0,0.0,-0.0,0.0,-0.0,0.0,0.0,-0.0,0.0,0.0,0.0,-0.0,-0.0,0.0,-0.0,0.0,0.0
1222,-0.0,-0.0,0.0,0.02096578689537677,0.30078341674252146,-0.026378592418553646,-0.13646753226402591,-0.0,0.047831719382182905,-0.0,0.1889657080441088,0.002119465415280333,0.0,0.0,-0.0,-0.12550224324649148,0.0,0.0,0.028493180503483335,-0.0,-0.0,0.0,-0.0,-0.0,-0.0,0.0,-0.0,0.0,0.0,-0.0,0.0,0.0,-0.0,0.0,-0.0,0.0,0.0,0.0,0.0,-0.0,0.0,0.0,0.0,-0.0,-0.0,0.0,-0.0,0.0,0.0
1224,-0.0,-0.0,-0.0,-0.07273605397781553,-0.6490589519180724,0.0739747483042048,0.11625012007676279,-0.0,-0.04074553873297061,-0.0,-0.10783906898852282,0.002119465415280333,-0.0,0.0,-0.0,-0.12550224324649148,0.0,0.0,0.028493180503483335,-0.0,0.0,0.0,-0.0,-0.0,0.0,0.0,-0.0,-0.0,0.0,-0.0,0.0,-0.0,-0.0,0.0,-0.0,0.0,0.0,0.0,0.0,-0.0,0.0,0.0,0.0,-0.0,-0.0,0.0,-0.0,0.0,0.0
1226,-0.0,-0.0,0.0,0.02096578689537677,0.30078341674252146,-0.10283828058827436,-0.13646753226402591,-0.0,0.047831719382182905,-0.0,-0.10783906898852282,0.002119465415280333,-0.0,-0.0,0.0,-0.7231319729916891,0.0,-0.0,-0.01899545366898889,-0.0,-0.0,0.0,-0.0,0.0,0.0,0.0,-0.0,-0.0,0.0,-0.0,0.0,-0.0,-0.0,0.0,-0.0,0.0,0.0,0.0,0.0,-0.0,0.0,0.0,0.0,-0.0,-0.0,0.0,-0.0,0.0,0.0
1236,-0.0,-0.0,0.0,0.07952943744112195,0.30078341674252146,0.10264713136785007,0.03201090262983323,-0.0,-0.12932279684812414,-0.0,0.1889657080441088,0.002119465415280333,-0.0,-0.0,-0.0,-0.12550224324649148,0.0,0.0,0.028493180503483335,-0.0,0.0,0.0,-0.0,-0.0,0.0,0.0,-0.0,0.0,0.0,-0.0,0.0,-0.0,-0.0,-0.0,-0.0,0.0,0.0,0.0,0.0,-0.0,0.0,0.0,0.0,-0.0,-0.0,0.0,-0.0,0.0,0.0
1245,-0.0,-0.0,0.0,0.07952943744112195,-0.3324448290312078,-0.026378592418553646,0.11625012007676279,0.0,0.0035430903246061437,-0.0,0.09003078236656493,0.002119465415280333,-0.0,0.0,0.0,-0.7231319729916891,0.0,0.0,0.028493180503483335,-0.0,-0.0,0.0,-0.0,0.0,0.0,0.0,-0.0,0.0,0.0,-0.0,0.0,-0.0,-0.0,0.0,-0.0,0.0,-0.0,0.0,0.0,-0.0,0.0,0.0,0.0,-0.0,-0.0,0.0,-0.0,0.0,0.0
1247,-0.0,-0.0,0.0,0.061960342277398404,0.30078341674252146,-0.026378592418553646,0.11625012007676279,-0.0,-0.04074553873297061,-0.0,0.2879006337216527,0.002119465415280333,-0.0,0.0,0.0,-0.12550224324649148,0.0,0.0,0.028493180503483335,-0.0,-0.0,0.0,-0.0,-0.0,-0.0,0.0,-0.0,0.0,0.0,-0.0,0.0,-0.0,0.0,0.0,-0.0,0.0,0.0,0.0,0.0,-0.0,0.0,0.0,0.0,-0.0,-0.0,0.0,-0.0,0.0,0.0
1249,-0.0,0.0,-0.0,-0.07273605397781553,-0.6490589519180724,0.0644172872829897,-0.05222831481709634,-0.0,0.047831719382182905,-0.0,-0.2067739946660667,0.002119465415280333,-0.0,0.0,0.0,-0.7231319729916891,-0.0,0.0,-0.01899545366898889,-0.0,-0.0,0.0,-0.0,-0.0,0.0,-0.0,-0.0,0.0,0.0,-0.0,0.0,-0.0,-0.0,0.0,-0.0,0.0,0.0,0.0,0.0,-0.0,0.0,0.0,0.0,-0.0,-0.0,0.0,-0.0,0.0,0.0
1255,-0.0,0.0,-0.0,-0.07273605397781553,-0.6490589519180724,-0.06938716701402155,-0.22070674971095547,0.0,-0.12932279684812414,0.0,-0.2067739946660667,-0.02143015031005668,0.0,-0.0,-0.0,-0.7231319729916891,0.0,0.0,-0.01899545366898889,-0.0,-0.0,0.0,0.0,-0.0,0.0,0.0,-0.0,0.0,0.0,-0.0,0.0,0.0,-0.0,0.0,-0.0,0.0,0.0,0.0,0.0,-0.0,0.0,0.0,0.0,-0.0,-0.0,0.0,-0.0,0.0,0.0
1262,-0.0,-0.0,0.0,0.07952943744112195,-0.3324448290312078,0.04530236524055953,0.20048933752369236,-0.0,0.047831719382182905,0.0,-0.2067739946660667,0.002119465415280333,-0.0,-0.0,0.0,-0.7231319729916891,0.0,-0.0,-0.01899545366898889,-0.0,-0.0,0.0,-0.0,-0.0,0.0,0.0,0.0,0.0,0.0,-0.0,0.0,-0.0,-0.0,0.0,-0.0,0.0,0.0,0.0,0.0,-0.0,0.0,0.0,0.0,0.0,-0.0,0.0,-0.0,0.0,0.0
1266,-0.0,0.0,0.0,-0.07273605397781553,0.30078341674252146,-0.026378592418553646,-0.13646753226402591,-0.0,-0.08503416779054737,-0.0,0.2879006337216527,0.002119465415280333,-0.0,0.0,0.0,-0.12550224324649148,0.0,0.0,0.028493180503483335,-0.0,0.0,0.0,-0.0,-0.0,0.0,0.0,-0.0,0.0,0.0,-0.0,0.0,0.0,-0.0,0.0,-0.0,0.0,0.0,0.0,0.0,-0.0,0.0,0.0,0.0,-0.0,-0.0,0.0,-0.0,0.0,0.0
1268,-0.0,-0.0,0.0,0.02096578689537677,0.30078341674252146,-0.026378592418553646,0.11625012007676279,-0.0,-0.04074553873297061,-0.0,0.2879006337216527,-0.02143015031005668,0.0,-0.0,-0.0,-0.12550224324649148,-0.0,0.0,-0.01899545366898889,-0.0,0.0,0.0,-0.0,-0.0,0.0,0.0,-0.0,0.0,0.0,-0.0,0.0,-0.0,0.0,0.0,-0.0,0.0,0.0,0.0,0.0,-0.0,0.0,0.0,0.0,-0.0,-0.0,0.0,-0.0,0.0,0.0
1269,-0.0,-0.0,-0.0,-0.07273605397781553,-0.6490589519180724,-0.05027224497159137,-0.05222831481709634,-0.0,0.047831719382182905,-0.0,-0.2067739946660667,0.025669081140617344,-0.0,-0.0,0.0,-0.7231319729916891,0.0,-0.0,-0.01899545366898889,-0.0,-0.0,0.0,-0.0,0.0,0.0,0.0,-0.0,0.0,0.0,-0.0,0.0,-0.0,-0.0,0.0,-0.0,0.0,0.0,0.0,0.0,-0.0,0.0,-0.0,0.0,-0.0,-0.0,-0.0,-0.0,-0.0,0.0
1270,-0.0,-0.0,0.0,0.05024761216824936,0.30078341674252146,-0.026378592418553646,0.03201090262983323,-0.0,-0.04074553873297061,-0.0,0.1889657080441088,0.002119465415280333,-0.0,0.0,0.0,-0.7231319729916891,-0.0,0.0,-0.01899545366898889,-0.0,-0.0,0.0,-0.0,0.0,0.0,0.0,-0.0,0.0,0.0,-0.0,0.0,-0.0,-0.0,0.0,-0.0,0.0,0.0,0.0,0.0,-0.0,0.0,0.0,0.0,0.0,-0.0,-0.0,-0.0,-0.0,0.0
1275,-0.0,-0.0,-0.0,-0.07273605397781553,0.30078341674252146,-0.026378592418553646,0.11625012007676279,-0.0,0.047831719382182905,0.0,0.09003078236656493,0.002119465415280333,-0.0,-0.0,0.0,1.0697572162439037,0.0,0.0,0.028493180503483335,-0.0,-0.0,0.0,-0.0,-0.0,-0.0,0.0,-0.0,0.0,0.0,-0.0,0.0,0.0,-0.0,0.0,-0.0,0.0,0.0,0.0,0.0,-0.0,0.0,0.0,0.0,-0.0,-0.0,0.0,-0.0,0.0,0.0
1276,-0.0,-0.0,0.0,0.05024761216824936,-0.6490589519180724,0.026187443198129347,-0.05222831481709634,-0.0,0.0035430903246061437,-0.0,-0.2067739946660667,0.002119465415280333,-0.0,0.0,0.0,-0.7231319729916891,0.0,-0.0,-0.01899545366898889,-0.0,0.0,0.0,-0.0,-0.0,0.0,0.0,-0.0,0.0,0.0,-0.0,0.0,-0.0,-0.0,0.0,-0.0,0.0,-0.0,0.0,0.0,-0.0,0.0,0.0,0.0,-0.0,-0.0,0.0,0.0,-0.0,0.0
1280,-0.0,-0.0,0.0,0.08538580249569648,-0.6490589519180724,-0.0215998619079461,-0.13646753226402591,-0.0,0.047831719382182905,-0.0,-0.2067739946660667,0.002119465415280333,-0.0,-0.0,0.0,-0.7231319729916891,0.0,-0.0,-0.01899545366898889,-0.0,-0.0,0.0,-0.0,0.0,0.0,0.0,-0.0,-0.0,0.0,-0.0,0.0,-0.0,-0.0,0.0,-0.0,0.0,0.0,0.0,0.0,-0.0,0.0,0.0,0.0,-0.0,-0.0,0.0,-0.0,0.0,0.0
1285,-0.0,-0.0,0.0,0.12052399282314359,0.30078341674252146,-0.04071478395037628,0.03201090262983323,-0.0,-0.04074553873297061,-0.0,-0.10783906898852282,0.002119465415280333,0.0,0.0,0.0,-0.12550224324649148,0.0,0.0,0.028493180503483335,-0.0,-0.0,0.0,-0.0,-0.0,-0.0,0.0,-0.0,0.0,0.0,-0.0,0.0,-0.0,-0.0,0.0,0.0,0.0,0.0,0.0,0.0,-0.0,0.0,0.0,0.0,-0.0,-0.0,0.0,-0.0,0.0,0.0
1295,-0.0,-0.0,-0.0,-0.07273605397781553,0.30078341674252146,-0.026378592418553646,-0.05222831481709634,-0.0,-0.08503416779054737,-0.0,0.2879006337216527,0.025669081140617344,-0.0,-0.0,-0.0,-0.7231319729916891,0.0,0.0,0.028493180503483335,-0.0,-0.0,0.0,-0.0,0.0,0.0,0.0,-0.0,-0.0,0.0,-0.0,0.0,-0.0,-0.0,0.0,-0.0,0.0,0.0,0.0,0.0,-0.0,0.0,0.0,0.0,-0.0,-0.0,-0.0,-0.0,-0.0,0.0
1296,-0.0,0.0,-0.0,-0.07273605397781553,-0.6490589519180724,-0.05027224497159137,-0.13646753226402591,-0.0,-0.12932279684812414,-0.0,-0.10783906898852282,0.01389427327794884,-0.0,-0.0,0.0,0.4721274864987061,0.0,-0.0,-0.01899545366898889,-0.0,0.0,0.0,-0.0,-0.0,0.0,0.0,-0.0,0.0,0.0,-0.0,0.0,-0.0,-0.0,0.0,-0.0,0.0,0.0,0.0,0.0,-0.0,-0.0,0.0,0.0,-0.0,-0.0,0.0,-0.0,0.0,0.0
1307,-0.0,0.0,0.0,0.13223672293229263,-0.3324448290312078,-0.06938716701402155,0.20048933752369236,0.0,-0.12932279684812414,0.0,-0.2067739946660667,0.01389427327794884,-0.0,-0.0,-0.0,-0.7231319729916891,0.0,0.0,0.028493180503483335,-0.0,-0.0,0.0,-0.0,-0.0,0.0,-0.0,-0.0,0.0,0.0,-0.0,0.0,-0.0,-0.0,0.0,-0.0,0.0,0.0,0.0,0.0,-0.0,-0.0,0.0,0.0,-0.0,-0.0,-0.0,-0.0,-0.0,0.0
1308,-0.0,-0.0,0.0,0.07952943744112195,0.30078341674252146,-0.026378592418553646,0.20048933752369236,-0.0,0.047831719382182905,-0.0,-0.10783906898852282,0.002119465415280333,-0.0,-0.0,0.0,-0.12550224324649148,-0.0,0.0,-0.01899545366898889,-0.0,-0.0,0.0,-0.0,-0.0,-0.0,0.0,-0.0,-0.0,0.0,-0.0,0.0,-0.0,-0.0,0.0,-0.0,0.0,0.0,0.0,0.0,-0.0,0.0,0.0,0.0,-0.0,-0.0,-0.0,-0.0,-0.0,0.0
1313,-0.0,-0.0,-0.0,-0.07273605397781553,0.30078341674252146,-0.026378592418553646,-0.13646753226402591,-0.0,-0.04074553873297061,-0.0,-0.2067739946660667,0.002119465415280333,-0.0,0.0,0.0,-0.12550224324649148,-0.0,0.0,-0.01899545366898889,-0.0,0.0,0.0,-0.0,-0.0,0.0,0.0,-0.0,0.0,0.0,-0.0,0.0,-0.0,-0.0,0.0,-0.0,0.0,0.0,0.0,0.0,-0.0,0.0,0.0,0.0,0.0,-0.0,-0.0,-0.0,-0.0,0.0
1319,-0.0,-0.0,0.0,0.08538580249569648,-0.015830706144343176,-0.0024849398655159213,0.20048933752369236,0.0,0.047831719382182905,0.0,-0.10783906898852282,0.002119465415280333,-0.0,0.0,-0.0,-0.7231319729916891,0.0,-0.0,-0.01899545366898889,-0.0,-0.0,0.0,-0.0,-0.0,0.0,0.0,0.0,0.0,0.0,-0.0,0.0,-0.0,-0.0,0.0,-0.0,0.0,0.0,0.0,0.0,-0.0,0.0,0.0,0.0,-0.0,0.0,0.0,0.0,-0.0,0.0
1320,-0.0,-0.0,-0.0,-0.07273605397781553,-0.015830706144343176,-0.0024849398655159213,0.20048933752369236,-0.0,0.047831719382182905,0.0,0.09003078236656493,0.002119465415280333,0.0,0.0,0.0,-0.7231319729916891,0.0,-0.0,-0.01899545366898889,-0.0,-0.0,0.0,-0.0,-0.0,0.0,0.0,0.0,-0.0,0.0,-0.0,0.0,-0.0,-0.0,0.0,-0.0,0.0,0.0,0.0,0.0,-0.0,0.0,0.0,0.0,-0.0,-0.0,0.0,-0.0,0.0,0.0
1322,-0.0,-0.0,-0.0,-0.07273605397781553,0.30078341674252146,-0.026378592418553646,-0.13646753226402591,-0.0,-0.08503416779054737,0.0,-0.10783906898852282,-0.02143015031005668,0.0,0.0,-0.0,-0.12550224324649148,0.0,0.0,0.028493180503483335,-0.0,-0.0,0.0,-0.0,-0.0,-0.0,0.0,-0.0,0.0,0.0,-0.0,0.0,-0.0,-0.0,-0.0,-0.0,0.0,0.0,0.0,0.0,-0.0,0.0,0.0,0.0,-0.0,-0.0,0.0,-0.0,0.0,0.0
1324,-0.0,-0.0,0.0,0.08538580249569648,0.30078341674252146,-0.007263670376123466,-0.13646753226402591,-0.0,0.047831719382182905,-0.0,0.09003078236656493,0.002119465415280333,-0.0,-0.0,0.0,-0.7231319729916891,0.0,0.0,0.028493180503483335,-0.0,0.0,0.0,-0.0,-0.0,0.0,0.0,-0.0,-0.0,0.0,-0.0,0.0,-0.0,-0.0,0.0,-0.0,0.0,0.0,0.0,0.0,-0.0,0.0,0.0,0.0,-0.0,-0.0,0.0,-0.0,0.0,0.0
1326,-0.0,0.0,-0.0,-0.07273605397781553,-0.3324448290312078,0.0835322093254199,0.20048933752369236,-0.0,-0.12932279684812414,-0.0,-0.2067739946660667,0.03744388900328585,-0.0,-0.0,0.0,-0.7231319729916891,0.0,0.0,0.028493180503483335,-0.0,-0.0,0.0,-0.0,0.0,0.0,0.0,-0.0,-0.0,0.0,-0.0,0.0,-0.0,-0.0,0.0,-0.0,0.0,0.0,0.0,0.0,-0.0,0.0,0.0,0.0,-0.0,-0.0,0.0,-0.0,-0.0,-0.0
1327,-0.0,-0.0,0.0,0.02096578689537677,-0.6490589519180724,0.05008109575116707,-0.05222831481709634,0.0,-0.08503416779054737,-0.0,-0.2067739946660667,0.002119465415280333,0.0,-0.0,-0.0,-0.12550224324649148,0.0,0.0,0.028493180503483335,-0.0,0.0,0.0,-0.0,-0.0,0.0,0.0,-0.0,-0.0,0.0,-0.0,0.0,-0.0,-0.0,0.0,-0.0,0.0,0.0,0.0,0.0,-0.0,0.0,0.0,0.0,-0.0,-0.0,-0.0,-0.0,-0.0,0.0
1329,-0.0,-0.0,0.0,0.08538580249569648,0.30078341674252146,-0.026378592418553646,-0.05222831481709634,-0.0,-0.08503416779054737,-0.0,-0.008904143310978935,0.002119465415280333,-0.0,0.0,-0.0,0.4721274864987061,0.0,0.0,0.028493180503483335,-0.0,-0.0,0.0,-0.0,0.0,0.0,0.0,-0.0,0.0,0.0,-0.0,0.0,0.0,-0.0,0.0,-0.0,0.0,0.0,0.0,0.0,-0.0,0.0,0.0,0.0,-0.0,-0.0,0.0,-0.0,0.0,0.0
1330,-0.0,-0.0,-0.0,0.10881126271399455,0.30078341674252146,0.0835322093254199,0.20048933752369236,-0.0,-0.04074553873297061,-0.0,0.2879006337216527,-0.02143015031005668,0.0,-0.0,0.0,-0.12550224324649148,-0.0,0.0,-0.01899545366898889,-0.0,-0.0,0.0,-0.0,-0.0,-0.0,0.0,-0.0,0.0,0.0,-0.0,0.0,-0.0,0.0,0.0,-0.0,0.0,0.0,0.0,0.0,-0.0,0.0,0.0,0.0,-0.0,-0.0,-0.0,-0.0,-0.0,0.0
1334,-0.0,-0.0,0.0,0.08538580249569648,0.30078341674252146,0.0835322093254199,0.20048933752369236,0.0,0.047831719382182905,-0.0,-0.008904143310978935,0.03744388900328585,-0.0,0.0,0.0,-0.7231319729916891,-0.0,0.0,-0.01899545366898889,-0.0,-0.0,0.0,-0.0,0.0,0.0,0.0,-0.0,0.0,0.0,-0.0,0.0,-0.0,-0.0,0.0,-0.0,0.0,0.0,0.0,0.0,-0.0,0.0,-0.0,0.0,-0.0,-0.0,0.0,-0.0,0.0,0.0
1335,-0.0,-0.0,-0.0,-0.07273605397781553,0.30078341674252146,-0.059829705992806466,0.20048933752369236,0.0,-0.12932279684812414,-0.0,-0.008904143310978935,0.025669081140617344,0.0,0.0,-0.0,-0.7231319729916891,0.0,-0.0,-0.01899545366898889,-0.0,0.0,0.0,-0.0,-0.0,0.0,0.0,-0.0,0.0,0.0,-0.0,0.0,0.0,-0.0,0.0,-0.0,0.0,0.0,0.0,0.0,-0.0,0.0,0.0,0.0,-0.0,-0.0,0.0,-0.0,0.0,0.0
1342,-0.0,-0.0,0.0,0.026822151949951287,0.30078341674252146,-0.026378592418553646,-0.05222831481709634,-0.0,-0.04074553873297061,-0.0,0.1889657080441088,0.002119465415280333,-0.0,0.0,0.0,-0.7231319729916891,-0.0,0.0,-0.01899545366898889,-0.0,0.0,0.0,-0.0,-0.0,0.0,0.0,-0.0,0.0,0.0,-0.0,0.0,0.0,-0.0,0.0,-0.0,0.0,0.0,0.0,0.0,-0.0,0.0,0.0,0.0,-0.0,-0.0,0.0,-0.0,0.0,0.0
1350,-0.0,-0.0,-0.0,-0.07273605397781553,0.30078341674252146,0.0835322093254199,-0.05222831481709634,-0.0,0.047831719382182905,-0.0,0.2879006337216527,0.002119465415280333,0.0,-0.0,0.0,1.0697572162439037,-0.0,0.0,-0.01899545366898889,-0.0,-0.0,0.0,-0.0,0.0,0.0,0.0,-0.0,0.0,0.0,-0.0,0.0,0.0,-0.0,0.0,-0.0,0.0,0.0,0.0,0.0,-0.0,0.0,0.0,0.0,-0.0,-0.0,0.0,-0.0,0.0,0.0
1352,-0.0,-0.0,-0.0,-0.07273605397781553,0.30078341674252146,-0.13151066365191963,0.03201090262983323,-0.0,0.0035430903246061437,-0.0,0.09003078236656493,0.002119465415280333,-0.0,0.0,-0.0,-0.12550224324649148,0.0,0.0,0.028493180503483335,-0.0,-0.0,0.0,-0.0,-0.0,-0.0,0.0,-0.0,0.0,0.0,-0.0,0.0,0.0,-0.0,0.0,-0.0,0.0,0.0,0.0,0.0,-0.0,0.0,0.0,0.0,-0.0,-0.0,-0.0,-0.0,-0.0,0.0
1353,0.0,-0.0,0.0,0.07952943744112195,0.30078341674252146,-0.026378592418553646,0.11625012007676279,-0.0,0.0035430903246061437,0.0,0.1889657080441088,-0.009655342447388172,0.0,0.0,0.0,-0.7231319729916891,-0.0,0.0,-0.01899545366898889,-0.0,0.0,0.0,-0.0,-0.0,0.0,0.0,-0.0,0.0,0.0,-0.0,0.0,0.0,-0.0,0.0,-0.0,0.0,0.0,0.0,0.0,-0.0,0.0,0.0,0.0,-0.0,-0.0,0.0,-0.0,0.0,0.0
1354,-0.0,-0.0,0.0,0.02096578689537677,-0.015830706144343176,-0.0024849398655159213,-0.22070674971095547,-0.0,0.047831719382182905,-0.0,-0.10783906898852282,0.002119465415280333,-0.0,-0.0,-0.0,-0.7231319729916891,0.0,-0.0,-0.01899545366898889,-0.0,-0.0,0.0,-0.0,-0.0,0.0,0.0,0.0,0.0,0.0,-0.0,0.0,0.0,-0.0,0.0,-0.0,0.0,0.0,0.0,0.0,-0.0,0.0,0.0,0.0,-0.0,-0.0,0.0,-0.0,0.0,0.0
1359,-0.0,-0.0,-0.0,-0.07273605397781553,0.30078341674252146,0.0739747483042048,-0.05222831481709634,-0.0,-0.08503416779054737,-0.0,0.09003078236656493,-0.02143015031005668,0.0,-0.0,0.0,-0.12550224324649148,0.0,0.0,0.028493180503483335,-0.0,-0.0,0.0,-0.0,-0.0,-0.0,0.0,-0.0,0.0,0.0,-0.0,0.0,0.0,-0.0,0.0,-0.0,0.0,0.0,0.0,0.0,-0.0,0.0,0.0,0.0,-0.0,-0.0,0.0,-0.0,0.0,0.0
1366,-0.0,-0.0,0.0,0.07952943744112195,-0.3324448290312078,-0.0215998619079461,0.20048933752369236,0.0,0.0035430903246061437,-0.0,-0.008904143310978935,0.002119465415280333,-0.0,0.0,-0.0,1.0697572162439037,0.0,0.0,0.028493180503483335,-0.0,0.0,0.0,-0.0,-0.0,0.0,0.0,-0.0,0.0,0.0,-0.0,0.0,-0.0,0.0,0.0,-0.0,0.0,0.0,0.0,0.0,-0.0,0.0,0.0,0.0,-0.0,-0.0,0.0,-0.0,0.0,0.0
1373,-0.0,-0.0,0.0,0.12052399282314359,0.30078341674252146,-0.08850208905645174,-0.13646753226402591,-0.0,0.047831719382182905,0.0,-0.2067739946660667,0.002119465415280333,-0.0,0.0,0.0,-0.7231319729916891,0.0,-0.0,-0.01899545366898889,-0.0,-0.0,0.0,-0.0,0.0,0.0,0.0,-0.0,0.0,0.0,-0.0,0.0,0.0,-0.0,0.0,-0.0,0.0,0.0,0.0,0.0,-0.0,0.0,0.0,0.0,-0.0,-0.0,-0.0,-0.0,-0.0,0.0
1375,-0.0,-0.0,0.0,0.02096578689537677,0.30078341674252146,-0.1362893941625272,-0.13646753226402591,-0.0,0.047831719382182905,-0.0,-0.008904143310978935,0.025669081140617344,-0.0,0.0,-0.0,-0.7231319729916891,-0.0,0.0,-0.01899545366898889,-0.0,-0.0,0.0,-0.0,0.0,0.0,0.0,-0.0,0.0,0.0,-0.0,0.0,0.0,-0.0,0.0,-0.0,0.0,0.0,0.0,0.0,-0.0,0.0,0.0,0.0,-0.0,-0.0,0.0,-0.0,0.0,0.0
1376,-0.0,-0.0,0.0,0.02096578689537677,0.30078341674252146,-0.026378592418553646,-0.13646753226402591,-0.0,0.047831719382182905,0.0,0.09003078236656493,-0.02143015031005668,0.0,0.0,-0.0,-0.7231319729916891,-0.0,0.0,-0.01899545366898889,-0.0,-0.0,0.0,-0.0,0.0,0.0,0.0,-0.0,0.0,0.0,-0.0,0.0,-0.0,-0.0,-0.0,-0.0,0.0,0.0,0.0,0.0,-0.0,0.0,0.0,0.0,-0.0,-0.0,0.0,-0.0,0.0,0.0
1377,-0.0,-0.0,0.0,0.07952943744112195,0.30078341674252146,-0.0215998619079461,-0.05222831481709634,-0.0,0.047831719382182905,-0.0,-0.10783906898852282,-0.009655342447388172,0.0,0.0,-0.0,-0.7231319729916891,-0.0,0.0,-0.01899545366898889,-0.0,-0.0,0.0,-0.0,-0.0,-0.0,0.0,-0.0,0.0,0.0,-0.0,0.0,-0.0,0.0,0.0,-0.0,0.0,0.0,0.0,0.0,-0.0,0.0,0.0,0.0,-0.0,-0.0,0.0,-0.0,0.0,0.0
1382,-0.0,-0.0,0.0,0.07952943744112195,-0.6490589519180724,0.04530236524055953,0.03201090262983323,0.0,-0.12932279684812414,0.0,0.09003078236656493,0.002119465415280333,-0.0,0.0,0.0,0.4721274864987061,0.0,0.0,0.028493180503483335,-0.0,0.0,0.0,-0.0,-0.0,0.0,0.0,-0.0,0.0,0.0,-0.0,0.0,-0.0,-0.0,0.0,-0.0,-0.0,0.0,0.0,0.0,-0.0,0.0,0.0,0.0,-0.0,-0.0,-0.0,-0.0,-0.0,0.0
1383,-0.0,-0.0,0.0,0.05024761216824936,0.30078341674252146,0.0835322093254199,0.03201090262983323,-0.0,0.047831719382182905,-0.0,0.09003078236656493,-0.009655342447388172,0.0,-0.0,-0.0,-0.12550224324649148,-0.0,0.0,-0.01899545366898889,-0.0,-0.0,0.0,-0.0,0.0,0.0,0.0,-0.0,0.0,0.0,-0.0,0.0,0.0,-0.0,0.0,-0.0,0.0,0.0,0.0,0.0,-0.0,0.0,0.0,0.0,-0.0,-0.0,-0.0,-0.0,-0.0,0.0
1385,-0.0,-0.0,0.0,0.03853488205910033,0.30078341674252146,0.026187443198129347,-0.05222831481709634,-0.0,0.047831719382182905,-0.0,-0.008904143310978935,-0.009655342447388172,0.0,0.0,-0.0,0.4721274864987061,0.0,0.0,0.028493180503483335,-0.0,0.0,0.0,-0.0,-0.0,0.0,0.0,-0.0,0.0,0.0,-0.0,0.0,-0.0,0.0,0.0,-0.0,0.0,0.0,0.0,0.0,-0.0,0.0,0.0,0.0,-0.0,-0.0,0.0,-0.0,0.0,0.0
1390,-0.0,-0.0,0.0,0.05024761216824936,0.30078341674252146,-0.016821131397338557,-0.05222831481709634,-0.0,-0.04074553873297061,-0.0,0.09003078236656493,-0.02143015031005668,-0.0,0.0,0.0,-0.7231319729916891,-0.0,0.0,-0.01899545366898889,-0.0,-0.0,0.0,-0.0,0.0,0.0,0.0,-0.0,0.0,0.0,-0.0,0.0,0.0,-0.0,0.0,-0.0,0.0,0.0,0.0,0.0,-0.0,0.0,0.0,0.0,-0.0,-0.0,-0.0,-0.0,-0.0,0.0
1394,-0.0,-0.0,-0.0,-0.07273605397781553,0.30078341674252146,0.0835322093254199,0.03201090262983323,-0.0,-0.12932279684812414,-0.0,0.09003078236656493,0.002119465415280333,0.0,-0.0,-0.0,1.0697572162439037,0.0,-0.0,-0.01899545366898889,-0.0,0.0,0.0,-0.0,-0.0,0.0,0.0,-0.0,0.0,0.0,-0.0,0.0,-0.0,0.0,0.0,-0.0,0.0,0.0,0.0,0.0,-0.0,0.0,0.0,0.0,-0.0,-0.0,0.0,-0.0,0.0,0.0
1397,-0.0,0.0,-0.0,-0.07273605397781553,0.30078341674252146,-0.13151066365191963,0.11625012007676279,-0.0,-0.08503416779054737,0.0,-0.008904143310978935,0.002119465415280333,-0.0,0.0,-0.0,1.0697572162439037,0.0,0.0,0.028493180503483335,-0.0,0.0,0.0,-0.0,-0.0,0.0,0.0,-0.0,0.0,0.0,-0.0,0.0,-0.0,0.0,0.0,-0.0,0.0,0.0,0.0,0.0,-0.0,0.0,0.0,0.0,-0.0,-0.0,0.0,-0.0,0.0,0.0
1398,-0.0,-0.0,0.0,0.02096578689537677,0.30078341674252146,-0.026378592418553646,0.11625012007676279,-0.0,-0.08503416779054737,-0.0,0.2879006337216527,0.002119465415280333,-0.0,-0.0,0.0,-0.12550224324649148,0.0,-0.0,-0.01899545366898889,-0.0,-0.0,0.0,-0.0,-0.0,-0.0,0.0,-0.0,0.0,0.0,-0.0,0.0,-0.0,-0.0,-0.0,-0.0,0.0,0.0,0.0,0.0,-0.0,0.0,0.0,0.0,-0.0,-0.0,0.0,-0.0,-0.0,-0.0
1406,-0.0,-0.0,0.0,0.003396691731653211,-0.6490589519180724,-0.055050975482198915,-0.05222831481709634,-0.0,0.047831719382182905,0.0,-0.10783906898852282,0.002119465415280333,-0.0,-0.0,-0.0,1.0697572162439037,-0.0,0.0,-0.01899545366898889,-0.0,-0.0,0.0,-0.0,0.0,0.0,0.0,-0.0,0.0,0.0,-0.0,0.0,-0.0,-0.0,0.0,-0.0,0.0,0.0,0.0,-0.0,-0.0,0.0,0.0,0.0,-0.0,-0.0,0.0,-0.0,0.0,0.0
1408,-0.0,-0.0,0.0,0.02096578689537677,0.30078341674252146,-0.045493514460983826,0.03201090262983323,-0.0,0.047831719382182905,-0.0,-0.10783906898852282,0.002119465415280333,-0.0,0.0,-0.0,-0.12550224324649148,-0.0,0.0,-0.01899545366898889,-0.0,-0.0,0.0,-0.0,-0.0,-0.0,0.0,-0.0,0.0,0.0,-0.0,0.0,0.0,-0.0,0.0,-0.0,0.0,0.0,0.0,0.0,-0.0,0.0,0.0,0.0,-0.0,-0.0,-0.0,-0.0,-0.0,0.0
1412,-0.0,0.0,-0.0,-0.07273605397781553,0.30078341674252146,0.0835322093254199,-0.13646753226402591,-0.0,0.047831719382182905,-0.0,0.09003078236656493,-0.02143015031005668,0.0,0.0,-0.0,1.0697572162439037,-0.0,0.0,-0.01899545366898889,-0.0,-0.0,0.0,-0.0,-0.0,-0.0,0.0,-0.0,0.0,0.0,-0.0,0.0,0.0,-0.0,0.0,-0.0,0.0,0.0,0.0,0.0,-0.0,0.0,0.0,0.0,-0.0,-0.0,0.0,-0.0,0.0,0.0
1416,-0.0,0.0,-0.0,-0.07273605397781553,0.30078341674252146,-0.026378592418553646,0.03201090262983323,-0.0,0.0035430903246061437,0.0,-0.10783906898852282,-0.02143015031005668,-0.0,-0.0,0.0,-0.12550224324649148,0.0,0.0,0.028493180503483335,-0.0,-0.0,0.0,0.0,-0.0,0.0,0.0,-0.0,0.0,0.0,-0.0,0.0,-0.0,0.0,0.0,-0.0,0.0,0.0,0.0,0.0,-0.0,0.0,0.0,0.0,-0.0,-0.0,-0.0,-0.0,-0.0,0.0
1419,-0.0,-0.0,0.0,0.05024761216824936,0.30078341674252146,0.0835322093254199,-0.13646753226402591,-0.0,0.047831719382182905,-0.0,-0.008904143310978935,-0.02143015031005668,0.0,-0.0,-0.0,1.0697572162439037,-0.0,0.0,-0.01899545366898889,-0.0,-0.0,0.0,-0.0,-0.0,-0.0,0.0,-0.0,0.0,0.0,-0.0,0.0,0.0,-0.0,0.0,-0.0,0.0,0.0,0.0,0.0,-0.0,0.0,0.0,0.0,-0.0,-0.0,0.0,-0.0,0.0,0.0
1423,-0.0,-0.0,0.0,0.026822151949951287,-0.6490589519180724,0.10264713136785007,-0.05222831481709634,-0.0,0.047831719382182905,0.0,0.1889657080441088,-0.02143015031005668,-0.0,-0.0,0.0,-0.7231319729916891,-0.0,0.0,-0.01899545366898889,-0.0,-0.0,0.0,-0.0,-0.0,-0.0,0.0,-0.0,0.0,0.0,-0.0,0.0,0.0,-0.0,0.0,-0.0,0.0,0.0,0.0,0.0,-0.0,0.0,0.0,0.0,-0.0,-0.0,-0.0,-0.0,-0.0,0.0
1427,-0.0,-0.0,0.0,0.07952943744112195,0.30078341674252146,0.05008109575116707,-0.05222831481709634,-0.0,0.047831719382182905,-0.0,-0.10783906898852282,0.002119465415280333,0.0,0.0,0.0,-0.12550224324649148,0.0,-0.0,-0.01899545366898889,-0.0,0.0,0.0,-0.0,-0.0,0.0,0.0,-0.0,0.0,0.0,-0.0,0.0,-0.0,-0.0,0.0,0.0,0.0,0.0,0.0,0.0,-0.0,0.0,0.0,0.0,-0.0,-0.0,-0.0,-0.0,-0.0,0.0
1431,-0.0,0.0,0.0,0.09709853260484552,0.30078341674252146,0.0835322093254199,-0.05222831481709634,-0.0,-0.08503416779054737,0.0,-0.10783906898852282,-0.009655342447388172,0.0,-0.0,-0.0,1.0697572162439037,0.0,0.0,0.028493180503483335,-0.0,-0.0,0.0,-0.0,-0.0,0.0,-0.0,-0.0,0.0,0.0,-0.0,0.0,-0.0,0.0,0.0,-0.0,0.0,0.0,0.0,0.0,-0.0,0.0,0.0,0.0,-0.0,-0.0,0.0,-0.0,0.0,0.0
1432,-0.0,-0.0,0.0,0.08538580249569648,0.30078341674252146,0.0835322093254199,-0.22070674971095547,-0.0,0.047831719382182905,-0.0,0.2879006337216527,0.002119465415280333,-0.0,-0.0,-0.0,1.0697572162439037,-0.0,0.0,-0.01899545366898889,-0.0,-0.0,0.0,-0.0,0.0,0.0,0.0,-0.0,0.0,0.0,-0.0,0.0,-0.0,-0.0,0.0,-0.0,0.0,0.0,0.0,-0.0,-0.0,0.0,0.0,0.0,-0.0,-0.0,0.0,0.0,-0.0,0.0
1436,-0.0,-0.0,0.0,0.07952943744112195,0.30078341674252146,-0.026378592418553646,0.11625012007676279,-0.0,-0.04074553873297061,-0.0,-0.008904143310978935,0.002119465415280333,0.0,-0.0,0.0,-0.7231319729916891,-0.0,0.0,-0.01899545366898889,-0.0,-0.0,0.0,-0.0,0.0,0.0,0.0,-0.0,0.0,0.0,-0.0,0.0,0.0,-0.0,0.0,-0.0,0.0,0.0,0.0,0.0,-0.0,0.0,0.0,0.0,-0.0,-0.0,0.0,-0.0,0.0,0.0
1439,-0.0,-0.0,0.0,0.07952943744112195,-0.3324448290312078,-0.10761701109888192,-0.05222831481709634,0.0,0.047831719382182905,0.0,-0.10783906898852282,0.002119465415280333,-0.0,-0.0,-0.0,1.0697572162439037,0.0,0.0,0.028493180503483335,-0.0,0.0,0.0,-0.0,-0.0,0.0,0.0,-0.0,0.0,0.0,-0.0,0.0,-0.0,-0.0,0.0,-0.0,0.0,0.0,0.0,0.0,-0.0,0.0,0.0,0.0,0.0,-0.0,0.0,-0.0,0.0,0.0
1442,-0.0,0.0,-0.0,-0.07273605397781553,0.30078341674252146,-0.10283828058827436,0.20048933752369236,-0.0,0.047831719382182905,-0.0,-0.10783906898852282,0.002119465415280333,0.0,0.0,-0.0,0.4721274864987061,0.0,-0.0,-0.01899545366898889,-0.0,0.0,0.0,-0.0,-0.0,0.0,0.0,-0.0,0.0,0.0,-0.0,0.0,0.0,-0.0,0.0,-0.0,0.0,0.0,0.0,0.0,-0.0,0.0,0.0,0.0,-0.0,-0.0,0.0,-0.0,0.0,0.0
1444,-0.0,-0.0,-0.0,-0.07273605397781553,0.30078341674252146,-0.026378592418553646,-0.05222831481709634,-0.0,-0.04074553873297061,-0.0,-0.008904143310978935,0.025669081140617344,-0.0,0.0,-0.0,-0.12550224324649148,-0.0,0.0,-0.01899545366898889,-0.0,-0.0,0.0,-0.0,-0.0,-0.0,0.0,-0.0,0.0,0.0,-0.0,0.0,0.0,-0.0,0.0,-0.0,0.0,0.0,0.0,0.0,-0.0,0.0,0.0,0.0,-0.0,-0.0,0.0,-0.0,0.0,0.0
1447,-0.0,-0.0,0.0,0.05024761216824936,-0.6490589519180724,-0.0024849398655159213,-0.22070674971095547,-0.0,0.047831719382182905,-0.0,-0.008904143310978935,0.002119465415280333,-0.0,-0.0,-0.0,-0.7231319729916891,0.0,-0.0,-0.01899545366898889,-0.0,-0.0,0.0,-0.0,-0.0,0.0,0.0,0.0,0.0,0.0,-0.0,0.0,-0.0,-0.0,0.0,-0.0,0.0,0.0,0.0,0.0,-0.0,0.0,0.0,0.0,-0.0,0.0,0.0,-0.0,0.0,0.0
1448,-0.0,-0.0,0.0,0.07952943744112195,0.30078341674252146,0.05008109575116707,0.03201090262983323,-0.0,0.047831719382182905,-0.0,0.09003078236656493,0.002119465415280333,-0.0,-0.0,0.0,-0.7231319729916891,0.0,-0.0,-0.01899545366898889,-0.0,-0.0,0.0,-0.0,0.0,0.0,0.0,-0.0,0.0,0.0,-0.0,0.0,-0.0,0.0,0.0,-0.0,0.0,0.0,0.0,0.0,-0.0,0.0,0.0,0.0,-0.0,-0.0,0.0,-0.0,0.0,0.0
1449,-0.0,-0.0,-0.0,-0.07273605397781553,0.30078341674252146,-0.12195320263070455,0.11625012007676279,0.0,-0.08503416779054737,-0.0,-0.008904143310978935,0.002119465415280333,-0.0,0.0,0.0,-0.12550224324649148,0.0,0.0,0.028493180503483335,-0.0,0.0,0.0,-0.0,-0.0,0.0,0.0,-0.0,0.0,0.0,-0.0,0.0,-0.0,-0.0,0.0,-0.0,0.0,0.0,0.0,0.0,-0.0,0.0,0.0,0.0,-0.0,0.0,-0.0,-0.0,-0.0,0.0
1455,-0.0,-0.0,-0.0,-0.07273605397781553,0.30078341674252146,-0.026378592418553646,0.11625012007676279,0.0,-0.12932279684812414,0.0,0.09003078236656493,0.002119465415280333,-0.0,0.0,0.0,-0.12550224324649148,0.0,0.0,0.028493180503483335,-0.0,-0.0,0.0,-0.0,-0.0,-0.0,0.0,-0.0,0.0,0.0,-0.0,0.0,-0.0,-0.0,0.0,-0.0,0.0,0.0,0.0,-0.0,-0.0,0.0,0.0,0.0,-0.0,-0.0,0.0,-0.0,0.0,0.0
1456,-0.0,-0.0,-0.0,-0.07273605397781553,0.30078341674252146,0.09786840085724252,0.03201090262983323,-0.0,0.047831719382182905,-0.0,0.09003078236656493,-0.02143015031005668,0.0,-0.0,0.0,-0.7231319729916891,-0.0,0.0,-0.01899545366898889,-0.0,-0.0,0.0,-0.0,0.0,0.0,0.0,-0.0,0.0,0.0,-0.0,0.0,0.0,-0.0,0.0,-0.0,0.0,0.0,0.0,0.0,-0.0,0.0,0.0,0.0,-0.0,-0.0,-0.0,-0.0,-0.0,0.0
1457,-0.0,-0.0,-0.0,-0.07273605397781553,0.30078341674252146,-0.05027224497159137,-0.13646753226402591,-0.0,0.047831719382182905,-0.0,-0.10783906898852282,0.002119465415280333,-0.0,-0.0,-0.0,-0.12550224324649148,0.0,-0.0,-0.01899545366898889,-0.0,-0.0,0.0,-0.0,0.0,0.0,0.0,-0.0,0.0,0.0,-0.0,0.0,0.0,-0.0,0.0,-0.0,0.0,0.0,0.0,0.0,-0.0,0.0,0.0,0.0,-0.0,-0.0,0.0,-0.0,0.0,0.0
1461,0.0,-0.0,0.0,-0.07859241903239006,-0.3324448290312078,-0.0215998619079461,0.03201090262983323,0.0,-0.12932279684812414,0.0,-0.2067739946660667,0.002119465415280333,-0.0,-0.0,-0.0,1.0697572162439037,0.0,0.0,0.028493180503483335,-0.0,-0.0,0.0,-0.0,-0.0,0.0,-0.0,-0.0,0.0,0.0,-0.0,0.0,0.0,-0.0,0.0,-0.0,0.0,0.0,0.0,0.0,-0.0,0.0,0.0,0.0,-0.0,-0.0,0.0,-0.0,0.0,0.0
1463,-0.0,-0.0,0.0,0.02096578689537677,-0.6490589519180724,-0.0024849398655159213,0.20048933752369236,-0.0,0.047831719382182905,-0.0,0.2879006337216527,0.002119465415280333,0.0,-0.0,-0.0,-0.12550224324649148,0.0,-0.0,-0.01899545366898889,-0.0,-0.0,0.0,-0.0,-0.0,0.0,0.0,0.0,0.0,0.0,-0.0,0.0,-0.0,-0.0,0.0,-0.0,0.0,0.0,0.0,0.0,-0.0,0.0,0.0,0.0,-0.0,0.0,0.0,-0.0,0.0,0.0
1469,-0.0,-0.0,0.0,0.056103977222823884,-0.6490589519180724,-0.0215998619079461,-0.05222831481709634,-0.0,0.047831719382182905,0.0,-0.008904143310978935,0.002119465415280333,-0.0,-0.0,0.0,-0.7231319729916891,-0.0,0.0,-0.01899545366898889,-0.0,-0.0,0.0,-0.0,0.0,0.0,0.0,-0.0,0.0,0.0,-0.0,0.0,-0.0,-0.0,0.0,-0.0,0.0,0.0,0.0,0.0,-0.0,0.0,0.0,0.0,0.0,-0.0,0.0,-0.0,0.0,0.0
1470,-0.0,-0.0,-0.0,-0.07273605397781553,-0.6490589519180724,-0.026378592418553646,-0.13646753226402591,-0.0,0.047831719382182905,-0.0,0.1889657080441088,0.025669081140617344,-0.0,0.0,0.0,-0.7231319729916891,-0.0,0.0,-0.01899545366898889,-0.0,-0.0,0.0,-0.0,-0.0,-0.0,0.0,-0.0,0.0,0.0,-0.0,0.0,-0.0,-0.0,-0.0,-0.0,0.0,0.0,0.0,0.0,-0.0,0.0,0.0,0.0,-0.0,-0.0,0.0,-0.0,0.0,0.0
1472,-0.0,-0.0,-0.0,-0.07273605397781553,-0.6490589519180724,-0.06938716701402155,0.20048933752369236,0.0,0.0035430903246061437,0.0,0.1889657080441088,-0.009655342447388172,0.0,0.0,0.0,-0.7231319729916891,0.0,0.0,0.028493180503483335,-0.0,0.0,0.0,-0.0,-0.0,0.0,0.0,-0.0,0.0,0.0,-0.0,0.0,-0.0,-0.0,-0.0,-0.0,0.0,0.0,0.0,0.0,-0.0,0.0,0.0,0.0,-0.0,-0.0,0.0,-0.0,0.0,0.0
1476,-0.0,-0.0,-0.0,-0.07273605397781553,-0.6490589519180724,0.01662998217691426,-0.05222831481709634,-0.0,0.047831719382182905,0.0,-0.2067739946660667,0.002119465415280333,-0.0,0.0,-0.0,-0.12550224324649148,-0.0,0.0,-0.01899545366898889,-0.0,-0.0,0.0,-0.0,-0.0,-0.0,0.0,-0.0,0.0,0.0,-0.0,0.0,-0.0,-0.0,0.0,-0.0,0.0,-0.0,0.0,0.0,-0.0,0.0,0.0,0.0,-0.0,-0.0,0.0,-0.0,0.0,0.0
1478,-0.0,-0.0,-0.0,-0.07273605397781553,-0.6490589519180724,-0.026378592418553646,0.20048933752369236,-0.0,-0.04074553873297061,-0.0,-0.10783906898852282,-0.009655342447388172,-0.0,-0.0,0.0,-0.12550224324649148,-0.0,0.0,-0.01899545366898889,-0.0,-0.0,0.0,-0.0,-0.0,-0.0,0.0,-0.0,0.0,0.0,-0.0,0.0,-0.0,-0.0,0.0,-0.0,0.0,0.0,0.0,0.0,-0.0,0.0,-0.0,0.0,-0.0,-0.0,-0.0,-0.0,-0.0,0.0
1486,-0.0,0.0,-0.0,-0.07273605397781553,-0.6490589519180724,-0.06460843650341401,-0.05222831481709634,0.0,-0.08503416779054737,-0.0,-0.2067739946660667,0.002119465415280333,-0.0,-0.0,0.0,-0.12550224324649148,0.0,0.0,0.028493180503483335,-0.0,0.0,0.0,-0.0,-0.0,0.0,0.0,-0.0,-0.0,0.0,-0.0,0.0,-0.0,-0.0,0.0,-0.0,0.0,0.0,0.0,0.0,-0.0,0.0,0.0,0.0,-0.0,-0.0,-0.0,-0.0,-0.0,0.0
1488,0.0,-0.0,0.0,0.07952943744112195,0.30078341674252146,0.026187443198129347,0.03201090262983323,-0.0,-0.12932279684812414,0.0,0.09003078236656493,0.002119465415280333,-0.0,-0.0,-0.0,1.0697572162439037,0.0,-0.0,-0.01899545366898889,-0.0,-0.0,0.0,-0.0,-0.0,0.0,0.0,0.0,0.0,0.0,-0.0,0.0,-0.0,0.0,0.0,-0.0,0.0,0.0,0.0,0.0,-0.0,0.0,0.0,0.0,-0.0,-0.0,0.0,-0.0,0.0,0.0
1492,-0.0,-0.0,0.0,0.05024761216824936,-0.6490589519180724,-0.1267319331413121,-0.22070674971095547,-0.0,0.047831719382182905,-0.0,-0.2067739946660667,0.025669081140617344,-0.0,0.0,-0.0,-0.12550224324649148,-0.0,0.0,-0.01899545366898889,-0.0,-0.0,0.0,-0.0,0.0,0.0,0.0,-0.0,0.0,0.0,-0.0,0.0,-0.0,-0.0,0.0,-0.0,0.0,-0.0,0.0,0.0,-0.0,0.0,0.0,0.0,-0.0,-0.0,0.0,-0.0,0.0,0.0
1493,-0.0,-0.0,0.0,-0.07273605397781553,0.30078341674252146,0.05008109575116707,0.11625012007676279,-0.0,0.047831719382182905,-0.0,0.09003078236656493,0.002119465415280333,-0.0,0.0,0.0,-0.12550224324649148,-0.0,0.0,-0.01899545366898889,-0.0,-0.0,0.0,-0.0,0.0,0.0,0.0,-0.0,0.0,0.0,-0.0,0.0,-0.0,-0.0,0.0,-0.0,0.0,0.0,0.0,0.0,-0.0,0.0,0.0,0.0,0.0,-0.0,0.0,-0.0,0.0,0.0
1495,-0.0,-0.0,-0.0,-0.07273605397781553,-0.6490589519180724,-0.09805955007766683,0.03201090262983323,-0.0,0.047831719382182905,-0.0,-0.2067739946660667,0.025669081140617344,-0.0,0.0,0.0,-0.7231319729916891,-0.0,0.0,-0.01899545366898889,-0.0,-0.0,0.0,-0.0,0.0,0.0,0.0,-0.0,0.0,0.0,-0.0,0.0,-0.0,-0.0,0.0,-0.0,0.0,0.0,0.0,0.0,-0.0,0.0,0.0,-0.0,-0.0,-0.0,0.0,-0.0,0.0,0.0
1496,-0.0,-0.0,-0.0,-0.07273605397781553,-0.015830706144343176,-0.007263670376123466,-0.22070674971095547,-0.0,-0.12932279684812414,-0.0,-0.10783906898852282,-0.009655342447388172,0.0,-0.0,0.0,-0.12550224324649148,0.0,-0.0,-0.01899545366898889,-0.0,-0.0,0.0,-0.0,-0.0,0.0,0.0,0.0,0.0,0.0,-0.0,0.0,0.0,-0.0,0.0,-0.0,0.0,0.0,0.0,0.0,-0.0,0.0,0.0,0.0,-0.0,-0.0,0.0,0.0,-0.0,0.0
1497,-0.0,-0.0,0.0,0.026822151949951287,0.30078341674252146,0.05008109575116707,0.03201090262983323,-0.0,0.047831719382182905,0.0,0.1889657080441088,0.002119465415280333,-0.0,-0.0,-0.0,1.0697572162439037,0.0,0.0,0.028493180503483335,-0.0,-0.0,-0.0,-0.0,-0.0,0.0,0.0,-0.0,0.0,0.0,-0.0,0.0,-0.0,-0.0,0.0,-0.0,0.0,0.0,0.0,0.0,-0.0,0.0,0.0,0.0,0.0,-0.0,0.0,-0.0,0.0,0.0
1500,-0.0,-0.0,0.0,0.02096578689537677,0.30078341674252146,0.09786840085724252,0.20048933752369236,-0.0,0.047831719382182905,-0.0,-0.008904143310978935,0.002119465415280333,-0.0,0.0,0.0,1.0697572162439037,0.0,0.0,0.028493180503483335,-0.0,0.0,0.0,-0.0,-0.0,0.0,0.0,-0.0,0.0,0.0,-0.0,0.0,-0.0,0.0,0.0,-0.0,0.0,0.0,0.0,0.0,-0.0,0.0,0.0,0.0,-0.0,-0.0,0.0,-0.0,0.0,0.0
1507,-0.0,0.0,-0.0,-0.07273605397781553,0.30078341674252146,0.030966173708736895,0.03201090262983323,-0.0,0.047831719382182905,-0.0,-0.10783906898852282,0.002119465415280333,-0.0,0.0,0.0,-0.12550224324649148,0.0,-0.0,-0.01899545366898889,-0.0,-0.0,0.0,-0.0,-0.0,-0.0,0.0,-0.0,0.0,0.0,-0.0,0.0,-0.0,-0.0,0.0,-0.0,0.0,-0.0,0.0,0.0,-0.0,0.0,0.0,0.0,-0.0,-0.0,0.0,-0.0,0.0,0.0
1508,-0.0,-0.0,0.0,0.02096578689537677,-0.6490589519180724,-0.06938716701402155,0.03201090262983323,-0.0,0.047831719382182905,-0.0,-0.10783906898852282,-0.02143015031005668,-0.0,-0.0,0.0,-0.7231319729916891,0.0,-0.0,-0.01899545366898889,-0.0,-0.0,0.0,-0.0,0.0,0.0,0.0,-0.0,0.0,0.0,-0.0,0.0,-0.0,-0.0,0.0,-0.0,0.0,0.0,0.0,0.0,-0.0,0.0,0.0,0.0,-0.0,0.0,0.0,-0.0,0.0,0.0
1509,-0.0,-0.0,0.0,0.02096578689537677,0.30078341674252146,-0.031157322929161194,0.11625012007676279,-0.0,-0.08503416779054737,-0.0,-0.008904143310978935,-0.009655342447388172,-0.0,-0.0,0.0,-0.7231319729916891,0.0,0.0,0.028493180503483335,-0.0,-0.0,0.0,-0.0,-0.0,-0.0,0.0,-0.0,0.0,0.0,-0.0,0.0,-0.0,-0.0,0.0,-0.0,0.0,0.0,0.0,0.0,-0.0,0.0,0.0,0.0,0.0,-0.0,0.0,-0.0,0.0,0.0
1512,-0.0,-0.0,-0.0,-0.07273605397781553,-0.6490589519180724,0.10264713136785007,0.20048933752369236,-0.0,0.047831719382182905,-0.0,-0.2067739946660667,-0.02143015031005668,0.0,-0.0,-0.0,-0.12550224324649148,0.0,0.0,-0.01899545366898889,-0.0,-0.0,0.0,-0.0,-0.0,0.0,-0.0,-0.0,0.0,0.0,-0.0,0.0,-0.0,-0.0,0.0,-0.0,0.0,0.0,0.0,0.0,-0.0,0.0,-0.0,0.0,-0.0,-0.0,-0.0,-0.0,-0.0,0.0
1516,-0.0,-0.0,-0.0,-0.07273605397781553,-0.6490589519180724,0.05963855677238217,0.03201090262983323,0.0,0.0035430903246061437,0.0,-0.2067739946660667,0.002119465415280333,-0.0,0.0,-0.0,1.0697572162439037,0.0,0.0,0.028493180503483335,-0.0,0.0,0.0,-0.0,-0.0,0.0,0.0,-0.0,0.0,0.0,-0.0,0.0,-0.0,-0.0,0.0,-0.0,0.0,0.0,0.0,0.0,-0.0,0.0,0.0,0.0,-0.0,-0.0,0.0,-0.0,0.0,0.0
1518,-0.0,-0.0,-0.0,-0.07273605397781553,0.30078341674252146,-0.026378592418553646,0.03201090262983323,-0.0,-0.04074553873297061,-0.0,-0.10783906898852282,0.025669081140617344,-0.0,0.0,-0.0,-0.12550224324649148,-0.0,0.0,-0.01899545366898889,-0.0,-0.0,0.0,-0.0,-0.0,-0.0,0.0,-0.0,0.0,0.0,-0.0,0.0,-0.0,0.0,0.0,-0.0,0.0,0.0,0.0,0.0,-0.0,0.0,0.0,0.0,-0.0,-0.0,0.0,-0.0,0.0,0.0
1521,-0.0,-0.0,0.0,0.08538580249569648,0.30078341674252146,-0.026378592418553646,-0.05222831481709634,-0.0,0.047831719382182905,-0.0,0.2879006337216527,0.002119465415280333,0.0,-0.0,0.0,-0.7231319729916891,-0.0,0.0,-0.01899545366898889,-0.0,-0.0,0.0,-0.0,0.0,0.0,0.0,-0.0,0.0,0.0,-0.0,0.0,-0.0,0.0,0.0,-0.0,0.0,0.0,0.0,0.0,-0.0,0.0,0.0,0.0,-0.0,-0.0,0.0,-0.0,0.0,0.0
1527,-0.0,-0.0,0.0,0.02096578689537677,0.30078341674252146,-0.026378592418553646,0.11625012007676279,-0.0,0.0035430903246061437,-0.0,-0.2067739946660667,-0.009655342447388172,0.0,0.0,0.0,-0.12550224324649148,0.0,0.0,0.028493180503483335,-0.0,-0.0,0.0,-0.0,-0.0,-0.0,0.0,-0.0,0.0,0.0,-0.0,0.0,0.0,-0.0,0.0,-0.0,0.0,0.0,0.0,0.0,-0.0,0.0,0.0,0.0,-0.0,-0.0,0.0,-0.0,0.0,0.0
1528,-0.0,-0.0,-0.0,-0.07273605397781553,0.30078341674252146,-0.026378592418553646,0.03201090262983323,-0.0,-0.08503416779054737,-0.0,0.09003078236656493,0.002119465415280333,-0.0,-0.0,0.0,-0.12550224324649148,0.0,-0.0,-0.01899545366898889,-0.0,-0.0,0.0,-0.0,-0.0,-0.0,0.0,-0.0,0.0,0.0,-0.0,0.0,0.0,-0.0,0.0,-0.0,0.0,0.0,0.0,0.0,-0.0,0.0,0.0,0.0,-0.0,-0.0,0.0,-0.0,0.0,0.0
1529,-0.0,-0.0,-0.0,-0.07273605397781553,-0.6490589519180724,0.0644172872829897,0.03201090262983323,-0.0,0.047831719382182905,-0.0,-0.2067739946660667,0.002119465415280333,-0.0,-0.0,0.0,-0.7231319729916891,0.0,-0.0,-0.01899545366898889,-0.0,-0.0,0.0,-0.0,0.0,0.0,0.0,-0.0,0.0,0.0,-0.0,0.0,-0.0,-0.0,0.0,-0.0,0.0,-0.0,0.0,0.0,-0.0,0.0,0.0,0.0,-0.0,-0.0,0.0,-0.0,0.0,0.0
1530,-0.0,-0.0,-0.0,-0.07273605397781553,-0.6490589519180724,-0.06460843650341401,-0.13646753226402591,-0.0,0.047831719382182905,-0.0,-0.10783906898852282,-0.009655342447388172,-0.0,0.0,0.0,-0.7231319729916891,0.0,-0.0,-0.01899545366898889,-0.0,-0.0,0.0,-0.0,0.0,0.0,0.0,-0.0,0.0,0.0,-0.0,0.0,-0.0,-0.0,0.0,-0.0,0.0,0.0,0.0,0.0,-0.0,0.0,0.0,-0.0,-0.0,-0.0,0.0,-0.0,0.0,0.0
1531,-0.0,-0.0,0.0,0.02096578689537677,0.30078341674252146,-0.0215998619079461,-0.13646753226402591,-0.0,0.047831719382182905,-0.0,-0.008904143310978935,-0.02143015031005668,-0.0,-0.0,-0.0,-0.7231319729916891,0.0,-0.0,-0.01899545366898889,-0.0,-0.0,0.0,-0.0,0.0,0.0,0.0,-0.0,0.0,0.0,-0.0,0.0,-0.0,-0.0,0.0,-0.0,0.0,0.0,0.0,0.0,-0.0,0.0,0.0,0.0,-0.0,0.0,0.0,-0.0,0.0,0.0
1537,-0.0,-0.0,-0.0,-0.07273605397781553,0.30078341674252146,0.0835322093254199,-0.13646753226402591,-0.0,0.047831719382182905,0.0,-0.10783906898852282,-0.02143015031005668,-0.0,0.0,0.0,-0.7231319729916891,0.0,-0.0,-0.01899545366898889,-0.0,-0.0,0.0,-0.0,0.0,0.0,0.0,-0.0,0.0,0.0,-0.0,0.0,0.0,-0.0,0.0,-0.0,0.0,0.0,0.0,0.0,-0.0,0.0,0.0,0.0,-0.0,-0.0,0.0,-0.0,0.0,0.0
1539,-0.0,0.0,-0.0,-0.07273605397781553,-0.3324448290312078,0.05008109575116707,-0.13646753226402591,-0.0,-0.04074553873297061,-0.0,0.1889657080441088,0.002119465415280333,-0.0,-0.0,0.0,1.0697572162439037,0.0,0.0,0.028493180503483335,-0.0,-0.0,0.0,0.0,-0.0,0.0,0.0,-0.0,0.0,0.0,-0.0,0.0,0.0,-0.0,0.0,-0.0,0.0,0.0,0.0,0.0,-0.0,0.0,0.0,0.0,-0.0,-0.0,-0.0,-0.0,-0.0,0.0
1541,-0.0,-0.0,-0.0,-0.07273605397781553,0.30078341674252146,-0.05027224497159137,0.20048933752369236,-0.0,0.047831719382182905,-0.0,-0.2067739946660667,0.002119465415280333,-0.0,0.0,0.0,-0.7231319729916891,0.0,-0.0,-0.01899545366898889,-0.0,-0.0,0.0,-0.0,0.0,0.0,0.0,-0.0,0.0,0.0,-0.0,0.0,-0.0,-0.0,-0.0,-0.0,0.0,0.0,0.0,0.0,-0.0,0.0,0.0,0.0,-0.0,-0.0,0.0,-0.0,0.0,0.0
1542,-0.0,-0.0,0.0,0.02096578689537677,0.30078341674252146,0.011851251666306713,0.20048933752369236,0.0,0.047831719382182905,0.0,-0.008904143310978935,-0.02143015031005668,0.0,-0.0,0.0,-0.7231319729916891,0.0,-0.0,-0.01899545366898889,-0.0,0.0,0.0,-0.0,-0.0,0.0,0.0,-0.0,0.0,0.0,-0.0,0.0,-0.0,-0.0,0.0,-0.0,0.0,0.0,0.0,0.0,-0.0,0.0,0.0,0.0,0.0,-0.0,-0.0,-0.0,-0.0,0.0
1544,-0.0,0.0,0.0,0.07952943744112195,-0.6490589519180724,-0.04071478395037628,-0.05222831481709634,-0.0,0.047831719382182905,-0.0,-0.2067739946660667,0.002119465415280333,0.0,0.0,-0.0,0.4721274864987061,0.0,-0.0,-0.01899545366898889,-0.0,-0.0,0.0,-0.0,0.0,0.0,0.0,-0.0,0.0,0.0,-0.0,0.0,-0.0,-0.0,0.0,-0.0,0.0,0.0,0.0,-0.0,-0.0,0.0,0.0,0.0,-0.0,-0.0,0.0,-0.0,0.0,0.0
1545,-0.0,-0.0,0.0,0.08538580249569648,0.30078341674252146,-0.026378592418553646,-0.13646753226402591,-0.0,0.047831719382182905,0.0,-0.10783906898852282,0.002119465415280333,-0.0,-0.0,-0.0,-0.7231319729916891,-0.0,0.0,-0.01899545366898889,-0.0,-0.0,0.0,-0.0,-0.0,-0.0,0.0,-0.0,0.0,0.0,-0.0,0.0,-0.0,-0.0,0.0,-0.0,0.0,0.0,0.0,0.0,-0.0,0.0,0.0,0.0,0.0,-0.0,0.0,-0.0,0.0,0.0
1546,-0.0,-0.0,0.0,0.12052399282314359,-0.3324448290312078,-0.09805955007766683,0.11625012007676279,-0.0,0.0035430903246061437,0.0,-0.10783906898852282,0.002119465415280333,-0.0,-0.0,0.0,-0.7231319729916891,0.0,0.0,0.028493180503483335,-0.0,-0.0,0.0,0.0,-0.0,0.0,0.0,-0.0,0.0,0.0,-0.0,0.0,-0.0,-0.0,0.0,-0.0,0.0,0.0,0.0,0.0,-0.0,0.0,0.0,-0.0,-0.0,-0.0,-0.0,-0.0,-0.0,0.0
1547,-0.0,-0.0,-0.0,-0.07273605397781553,-0.6490589519180724,0.026187443198129347,0.03201090262983323,-0.0,0.0035430903246061437,-0.0,-0.2067739946660667,0.03744388900328585,0.0,-0.0,0.0,-0.7231319729916891,0.0,-0.0,-0.01899545366898889,-0.0,0.0,0.0,-0.0,-0.0,0.0,0.0,-0.0,0.0,0.0,-0.0,0.0,-0.0,-0.0,0.0,-0.0,0.0,-0.0,0.0,0.0,-0.0,0.0,0.0,0.0,-0.0,-0.0,-0.0,-0.0,-0.0,0.0
1548,-0.0,-0.0,0.0,0.02096578689537677,0.30078341674252146,-0.026378592418553646,-0.05222831481709634,-0.0,0.047831719382182905,0.0,0.09003078236656493,0.002119465415280333,-0.0,0.0,0.0,0.4721274864987061,0.0,-0.0,-0.01899545366898889,-0.0,-0.0,0.0,-0.0,-0.0,-0.0,0.0,-0.0,0.0,0.0,-0.0,0.0,-0.0,-0.0,0.0,-0.0,0.0,0.0,0.0,-0.0,-0.0,0.0,0.0,0.0,-0.0,-0.0,0.0,-0.0,0.0,0.0
1552,0.0,-0.0,0.0,0.08538580249569648,0.30078341674252146,-0.06938716701402155,0.20048933752369236,-0.0,0.0035430903246061437,0.0,-0.008904143310978935,-0.02143015031005668,0.0,0.0,0.0,-0.12550224324649148,0.0,0.0,0.028493180503483335,-0.0,-0.0,0.0,-0.0,-0.0,-0.0,0.0,-0.0,0.0,0.0,-0.0,0.0,0.0,-0.0,0.0,-0.0,0.0,0.0,0.0,0.0,-0.0,0.0,0.0,0.0,-0.0,-0.0,0.0,-0.0,0.0,0.0
1561,-0.0,0.0,0.0,0.026822151949951287,0.30078341674252146,0.04530236524055953,0.11625012007676279,-0.0,-0.12932279684812414,-0.0,-0.10783906898852282,0.002119465415280333,-0.0,-0.0,-0.0,-0.7231319729916891,0.0,-0.0,-0.01899545366898889,-0.0,0.0,0.0,-0.0,-0.0,0.0,0.0,-0.0,0.0,0.0,-0.0,0.0,0.0,-0.0,0.0,-0.0,0.0,0.0,0.0,0.0,-0.0,0.0,0.0,0.0,-0.0,-0.0,0.0,0.0,-0.0,0.0
1563,-0.0,-0.0,0.0,0.05024761216824936,-0.015830706144343176,-0.0024849398655159213,0.03201090262983323,0.0,0.047831719382182905,-0.0,0.09003078236656493,-0.02143015031005668,0.0,0.0,0.0,-0.12550224324649148,0.0,-0.0,-0.01899545366898889,-0.0,-0.0,0.0,-0.0,-0.0,0.0,0.0,0.0,-0.0,0.0,-0.0,0.0,-0.0,-0.0,0.0,-0.0,0.0,0.0,0.0,0.0,-0.0,0.0,0.0,0.0,-0.0,-0.0,0.0,-0.0,-0.0,-0.0
1564,-0.0,-0.0,-0.0,-0.07273605397781553,-0.6490589519180724,-0.06938716701402155,0.11625012007676279,-0.0,-0.08503416779054737,-0.0,0.09003078236656493,0.002119465415280333,0.0,0.0,-0.0,0.4721274864987061,0.0,0.0,0.028493180503483335,-0.0,0.0,0.0,-0.0,-0.0,0.0,0.0,-0.0,0.0,0.0,-0.0,-0.0,-0.0,-0.0,0.0,-0.0,0.0,0.0,0.0,0.0,-0.0,0.0,0.0,0.0,-0.0,-0.0,-0.0,-0.0,-0.0,0.0
1569,-0.0,-0.0,-0.0,-0.07273605397781553,0.30078341674252146,0.0835322093254199,-0.05222831481709634,-0.0,0.047831719382182905,-0.0,0.2879006337216527,0.002119465415280333,-0.0,0.0,0.0,-0.7231319729916891,-0.0,0.0,-0.01899545366898889,-0.0,-0.0,0.0,-0.0,-0.0,-0.0,0.0,-0.0,0.0,0.0,-0.0,0.0,-0.0,0.0,0.0,-0.0,0.0,0.0,0.0,0.0,-0.0,0.0,0.0,0.0,-0.0,-0.0,0.0,-0.0,0.0,0.0
1580,-0.0,-0.0,0.0,0.03267851700452581,-0.6490589519180724,-0.05027224497159137,-0.05222831481709634,-0.0,0.047831719382182905,-0.0,-0.008904143310978935,0.002119465415280333,0.0,0.0,0.0,-0.7231319729916891,0.0,-0.0,-0.01899545366898889,-0.0,-0.0,0.0,-0.0,0.0,0.0,0.0,-0.0,0.0,0.0,-0.0,0.0,0.0,-0.0,0.0,-0.0,0.0,0.0,0.0,0.0,-0.0,0.0,0.0,0.0,-0.0,-0.0,0.0,-0.0,0.0,0.0
1588,-0.0,-0.0,-0.0,-0.07273605397781553,-0.6490589519180724,-0.026378592418553646,0.03201090262983323,-0.0,-0.08503416779054737,-0.0,-0.2067739946660667,-0.009655342447388172,0.0,-0.0,0.0,-0.7231319729916891,0.0,0.0,0.028493180503483335,-0.0,-0.0,0.0,-0.0,-0.0,-0.0,0.0,-0.0,0.0,0.0,-0.0,-0.0,-0.0,-0.0,0.0,-0.0,0.0,0.0,0.0,0.0,-0.0,0.0,0.0,0.0,-0.0,-0.0,0.0,-0.0,0.0,0.0
1589,-0.0,-0.0,-0.0,-0.07273605397781553,-0.6490589519180724,-0.007263670376123466,-0.05222831481709634,-0.0,0.047831719382182905,-0.0,0.1889657080441088,0.03744388900328585,-0.0,-0.0,0.0,-0.7231319729916891,-0.0,0.0,-0.01899545366898889,-0.0,-0.0,0.0,-0.0,-0.0,-0.0,0.0,-0.0,0.0,0.0,-0.0,0.0,0.0,-0.0,0.0,-0.0,0.0,0.0,0.0,0.0,-0.0,0.0,0.0,0.0,-0.0,-0.0,0.0,-0.0,0.0,0.0
1594,-0.0,-0.0,0.0,0.07952943744112195,-0.6490589519180724,-0.0024849398655159213,0.20048933752369236,0.0,0.0035430903246061437,-0.0,-0.008904143310978935,0.002119465415280333,-0.0,0.0,0.0,-0.12550224324649148,-0.0,0.0,-0.01899545366898889,-0.0,-0.0,0.0,-0.0,0.0,0.0,0.0,-0.0,0.0,0.0,-0.0,0.0,-0.0,-0.0,0.0,-0.0,0.0,0.0,0.0,0.0,-0.0,0.0,0.0,0.0,0.0,-0.0,0.0,0.0,-0.0,0.0
1596,-0.0,-0.0,-0.0,-0.07273605397781553,0.30078341674252146,-0.026378592418553646,-0.22070674971095547,-0.0,-0.08503416779054737,-0.0,0.2879006337216527,0.03744388900328585,-0.0,0.0,-0.0,-0.7231319729916891,0.0,0.0,0.028493180503483335,-0.0,-0.0,0.0,-0.0,-0.0,-0.0,0.0,-0.0,0.0,0.0,-0.0,0.0,-0.0,-0.0,-0.0,-0.0,0.0,0.0,0.0,0.0,-0.0,0.0,0.0,0.0,-0.0,-0.0,-0.0,-0.0,-0.0,0.0
1600,-0.0,-0.0,-0.0,-0.07273605397781553,-0.015830706144343176,-0.0024849398655159213,-0.05222831481709634,0.0,0.047831719382182905,0.0,-0.008904143310978935,0.002119465415280333,-0.0,-0.0,0.0,-0.12550224324649148,0.0,-0.0,-0.01899545366898889,-0.0,-0.0,0.0,-0.0,0.0,0.0,0.0,-0.0,0.0,0.0,-0.0,0.0,0.0,-0.0,0.0,-0.0,0.0,0.0,0.0,0.0,-0.0,0.0,0.0,0.0,-0.0,-0.0,-0.0,-0.0,-0.0,0.0
1606,0.0,-0.0,-0.0,-0.07273605397781553,-0.3324448290312078,0.10264713136785007,0.03201090262983323,0.0,-0.12932279684812414,-0.0,-0.2067739946660667,0.002119465415280333,-0.0,-0.0,-0.0,-0.12550224324649148,0.0,0.0,0.028493180503483335,-0.0,0.0,0.0,-0.0,-0.0,0.0,0.0,-0.0,0.0,0.0,-0.0,0.0,-0.0,-0.0,0.0,-0.0,0.0,0.0,0.0,0.0,-0.0,0.0,0.0,0.0,-0.0,-0.0,0.0,-0.0,0.0,0.0
1613,-0.0,0.0,-0.0,-0.07273605397781553,-0.6490589519180724,0.04530236524055953,-0.05222831481709634,-0.0,0.047831719382182905,0.0,-0.2067739946660667,0.002119465415280333,-0.0,-0.0,0.0,-0.7231319729916891,0.0,-0.0,-0.01899545366898889,-0.0,-0.0,0.0,-0.0,0.0,0.0,0.0,-0.0,0.0,0.0,-0.0,0.0,-0.0,-0.0,0.0,-0.0,-0.0,0.0,0.0,0.0,-0.0,0.0,0.0,0.0,-0.0,-0.0,-0.0,-0.0,-0.0,0.0
1626,-0.0,-0.0,-0.0,-0.07273605397781553,0.30078341674252146,-0.07894462803523665,0.20048933752369236,-0.0,0.047831719382182905,-0.0,-0.008904143310978935,-0.009655342447388172,0.0,-0.0,0.0,-0.12550224324649148,-0.0,0.0,-0.01899545366898889,-0.0,-0.0,0.0,-0.0,-0.0,-0.0,0.0,-0.0,0.0,0.0,-0.0,0.0,0.0,-0.0,0.0,-0.0,0.0,0.0,0.0,0.0,-0.0,0.0,0.0,0.0,-0.0,-0.0,0.0,0.0,-0.0,0.0
1629,-0.0,-0.0,0.0,0.08538580249569648,0.30078341674252146,-0.117174472120097,-0.05222831481709634,-0.0,0.047831719382182905,-0.0,0.09003078236656493,0.002119465415280333,-0.0,-0.0,0.0,-0.7231319729916891,0.0,0.0,0.028493180503483335,-0.0,-0.0,0.0,-0.0,0.0,0.0,0.0,-0.0,0.0,0.0,-0.0,0.0,0.0,-0.0,0.0,-0.0,0.0,0.0,0.0,0.0,-0.0,0.0,0.0,0.0,-0.0,-0.0,0.0,-0.0,0.0,0.0
1638,-0.0,-0.0,-0.0,-0.07273605397781553,0.30078341674252146,-0.0215998619079461,0.20048933752369236,-0.0,-0.04074553873297061,-0.0,-0.10783906898852282,0.002119465415280333,0.0,-0.0,0.0,-0.12550224324649148,-0.0,0.0,-0.01899545366898889,-0.0,0.0,0.0,-0.0,-0.0,0.0,0.0,-0.0,0.0,0.0,-0.0,0.0,0.0,-0.0,0.0,-0.0,0.0,0.0,0.0,0.0,-0.0,0.0,0.0,0.0,-0.0,-0.0,0.0,0.0,-0.0,0.0
1643,-0.0,-0.0,0.0,-0.08444878408696457,-0.6490589519180724,-0.05027224497159137,0.03201090262983323,-0.0,0.047831719382182905,-0.0,0.09003078236656493,-0.02143015031005668,0.0,-0.0,-0.0,-0.12550224324649148,0.0,-0.0,-0.01899545366898889,-0.0,-0.0,0.0,-0.0,0.0,0.0,0.0,-0.0,0.0,0.0,-0.0,-0.0,-0.0,-0.0,0.0,-0.0,0.0,0.0,0.0,0.0,-0.0,0.0,0.0,0.0,-0.0,-0.0,0.0,0.0,-0.0,0.0
1644,-0.0,-0.0,0.0,0.02096578689537677,0.30078341674252146,0.0835322093254199,-0.13646753226402591,-0.0,-0.08503416779054737,-0.0,0.1889657080441088,0.002119465415280333,-0.0,0.0,-0.0,-0.12550224324649148,0.0,0.0,0.028493180503483335,-0.0,-0.0,0.0,-0.0,-0.0,-0.0,0.0,-0.0,0.0,0.0,-0.0,0.0,-0.0,-0.0,-0.0,-0.0,0.0,0.0,0.0,0.0,-0.0,0.0,0.0,0.0,-0.0,-0.0,0.0,-0.0,0.0,0.0
1645,-0.0,0.0,-0.0,-0.07273605397781553,-0.6490589519180724,0.05963855677238217,0.11625012007676279,0.0,-0.08503416779054737,-0.0,-0.2067739946660667,-0.009655342447388172,0.0,0.0,0.0,-0.7231319729916891,0.0,0.0,0.028493180503483335,-0.0,0.0,0.0,-0.0,-0.0,0.0,0.0,-0.0,0.0,0.0,-0.0,-0.0,-0.0,-0.0,0.0,-0.0,0.0,0.0,0.0,0.0,-0.0,0.0,0.0,0.0,-0.0,-0.0,-0.0,-0.0,-0.0,0.0
1647,-0.0,-0.0,0.0,0.05024761216824936,0.30078341674252146,-0.026378592418553646,0.03201090262983323,-0.0,0.047831719382182905,0.0,-0.008904143310978935,-0.02143015031005668,-0.0,-0.0,-0.0,1.0697572162439037,-0.0,0.0,-0.01899545366898889,-0.0,-0.0,0.0,-0.0,-0.0,-0.0,0.0,-0.0,0.0,0.0,-0.0,0.0,-0.0,-0.0,0.0,-0.0,0.0,0.0,0.0,0.0,-0.0,0.0,0.0,0.0,0.0,-0.0,0.0,-0.0,0.0,0.0
1651,-0.0,-0.0,-0.0,-0.07273605397781553,-0.6490589519180724,-0.06938716701402155,-0.13646753226402591,-0.0,-0.08503416779054737,0.0,-0.008904143310978935,0.025669081140617344,-0.0,-0.0,0.0,-0.7231319729916891,-0.0,0.0,-0.01899545366898889,-0.0,-0.0,0.0,0.0,-0.0,0.0,0.0,-0.0,0.0,0.0,-0.0,0.0,-0.0,-0.0,0.0,-0.0,0.0,0.0,0.0,0.0,-0.0,-0.0,0.0,0.0,-0.0,-0.0,-0.0,-0.0,-0.0,0.0
1653,-0.0,-0.0,0.0,0.02096578689537677,0.30078341674252146,-0.026378592418553646,0.03201090262983323,-0.0,-0.08503416779054737,-0.0,0.1889657080441088,0.002119465415280333,-0.0,0.0,-0.0,-0.12550224324649148,0.0,0.0,0.028493180503483335,-0.0,-0.0,0.0,-0.0,-0.0,-0.0,0.0,-0.0,0.0,0.0,-0.0,0.0,0.0,-0.0,0.0,-0.0,0.0,0.0,0.0,0.0,-0.0,0.0,0.0,0.0,-0.0,-0.0,0.0,-0.0,0.0,0.0
1657,-0.0,-0.0,-0.0,-0.07273605397781553,-0.6490589519180724,0.030966173708736895,-0.13646753226402591,-0.0,-0.04074553873297061,-0.0,0.09003078236656493,-0.02143015031005668,0.0,-0.0,0.0,-0.12550224324649148,-0.0,0.0,-0.01899545366898889,-0.0,-0.0,0.0,-0.0,-0.0,-0.0,0.0,-0.0,0.0,0.0,-0.0,0.0,-0.0,-0.0,0.0,-0.0,0.0,-0.0,0.0,0.0,-0.0,0.0,0.0,0.0,-0.0,-0.0,-0.0,-0.0,-0.0,0.0
1663,-0.0,-0.0,-0.0,0.10295489765942004,0.30078341674252146,-0.026378592418553646,0.03201090262983323,-0.0,0.047831719382182905,-0.0,0.2879006337216527,0.002119465415280333,-0.0,0.0,-0.0,-0.12550224324649148,0.0,0.0,0.028493180503483335,-0.0,-0.0,0.0,-0.0,-0.0,-0.0,0.0,-0.0,0.0,0.0,-0.0,0.0,-0.0,-0.0,0.0,-0.0,0.0,0.0,0.0,0.0,-0.0,0.0,0.0,-0.0,-0.0,-0.0,0.0,-0.0,-0.0,-0.0
1666,-0.0,-0.0,0.0,0.02096578689537677,0.30078341674252146,0.0835322093254199,0.03201090262983323,-0.0,0.047831719382182905,-0.0,0.09003078236656493,-0.02143015031005668,0.0,-0.0,-0.0,-0.12550224324649148,0.0,0.0,0.028493180503483335,-0.0,-0.0,0.0,-0.0,0.0,0.0,0.0,-0.0,0.0,0.0,-0.0,0.0,-0.0,-0.0,0.0,-0.0,0.0,0.0,0.0,0.0,-0.0,0.0,0.0,0.0,0.0,-0.0,0.0,-0.0,0.0,0.0
1667,-0.0,-0.0,0.0,0.07952943744112195,-0.6490589519180724,-0.026378592418553646,0.20048933752369236,-0.0,0.047831719382182905,-0.0,-0.10783906898852282,0.002119465415280333,-0.0,0.0,0.0,-0.7231319729916891,0.0,-0.0,-0.01899545366898889,-0.0,-0.0,0.0,-0.0,0.0,0.0,0.0,-0.0,0.0,0.0,-0.0,0.0,-0.0,-0.0,0.0,-0.0,0.0,0.0,0.0,0.0,-0.0,0.0,0.0,0.0,-0.0,0.0,0.0,-0.0,0.0,0.0
1671,-0.0,-0.0,-0.0,-0.07273605397781553,-0.6490589519180724,-0.05027224497159137,-0.13646753226402591,-0.0,0.047831719382182905,-0.0,-0.10783906898852282,0.002119465415280333,-0.0,-0.0,-0.0,-0.12550224324649148,0.0,-0.0,-0.01899545366898889,-0.0,-0.0,0.0,-0.0,0.0,0.0,0.0,-0.0,0.0,0.0,-0.0,0.0,0.0,-0.0,0.0,-0.0,0.0,0.0,0.0,0.0,-0.0,0.0,0.0,0.0,-0.0,-0.0,0.0,-0.0,0.0,0.0
1676,-0.0,-0.0,-0.0,-0.07273605397781553,-0.6490589519180724,-0.09805955007766683,0.03201090262983323,0.0,0.047831719382182905,-0.0,0.2879006337216527,0.002119465415280333,-0.0,-0.0,0.0,-0.7231319729916891,0.0,-0.0,-0.01899545366898889,-0.0,-0.0,0.0,-0.0,0.0,0.0,0.0,-0.0,0.0,0.0,-0.0,0.0,-0.0,-0.0,0.0,-0.0,0.0,0.0,0.0,0.0,-0.0,0.0,0.0,-0.0,-0.0,-0.0,0.0,-0.0,0.0,0.0
1677,-0.0,-0.0,-0.0,-0.07273605397781553,-0.6490589519180724,-0.06938716701402155,-0.13646753226402591,-0.0,0.0035430903246061437,0.0,0.1889657080441088,0.002119465415280333,-0.0,-0.0,0.0,-0.7231319729916891,-0.0,0.0,-0.01899545366898889,-0.0,-0.0,0.0,-0.0,0.0,0.0,0.0,-0.0,0.0,0.0,-0.0,0.0,-0.0,-0.0,-0.0,-0.0,0.0,0.0,0.0,0.0,-0.0,0.0,0.0,0.0,-0.0,-0.0,-0.0,-0.0,-0.0,0.0
1680,-0.0,-0.0,0.0,0.02096578689537677,0.30078341674252146,-0.026378592418553646,-0.05222831481709634,-0.0,0.047831719382182905,-0.0,0.09003078236656493,0.025669081140617344,0.0,-0.0,0.0,-0.12550224324649148,-0.0,0.0,-0.01899545366898889,-0.0,-0.0,0.0,-0.0,-0.0,0.0,0.0,0.0,0.0,0.0,-0.0,0.0,-0.0,-0.0,0.0,-0.0,0.0,0.0,0.0,0.0,-0.0,0.0,0.0,0.0,0.0,-0.0,-0.0,-0.0,-0.0,0.0
1681,-0.0,-0.0,0.0,0.02096578689537677,0.30078341674252146,-0.007263670376123466,0.11625012007676279,-0.0,0.0035430903246061437,-0.0,-0.2067739946660667,0.002119465415280333,-0.0,0.0,0.0,-0.7231319729916891,0.0,-0.0,-0.01899545366898889,-0.0,-0.0,0.0,-0.0,0.0,0.0,0.0,-0.0,-0.0,0.0,-0.0,0.0,-0.0,-0.0,0.0,-0.0,0.0,0.0,0.0,0.0,-0.0,0.0,0.0,0.0,-0.0,-0.0,0.0,0.0,-0.0,0.0
1682,-0.0,-0.0,0.0,0.02096578689537677,0.30078341674252146,-0.026378592418553646,0.11625012007676279,-0.0,-0.08503416779054737,-0.0,0.09003078236656493,0.002119465415280333,-0.0,-0.0,-0.0,-0.12550224324649148,0.0,0.0,0.028493180503483335,-0.0,0.0,0.0,-0.0,-0.0,0.0,0.0,-0.0,-0.0,0.0,-0.0,0.0,-0.0,-0.0,0.0,-0.0,0.0,0.0,0.0,0.0,-0.0,0.0,0.0,0.0,-0.0,-0.0,0.0,-0.0,0.0,0.0
1690,-0.0,-0.0,-0.0,-0.07273605397781553,-0.6490589519180724,0.10264713136785007,-0.05222831481709634,-0.0,0.047831719382182905,-0.0,-0.10783906898852282,0.002119465415280333,-0.0,-0.0,-0.0,-0.12550224324649148,-0.0,0.0,-0.01899545366898889,-0.0,-0.0,0.0,-0.0,0.0,0.0,0.0,-0.0,-0.0,0.0,-0.0,0.0,-0.0,-0.0,0.0,-0.0,0.0,0.0,0.0,0.0,-0.0,0.0,0.0,0.0,-0.0,-0.0,0.0,-0.0,0.0,0.0
1693,-0.0,-0.0,0.0,0.08538580249569648,0.30078341674252146,-0.026378592418553646,0.20048933752369236,-0.0,0.047831719382182905,-0.0,0.09003078236656493,-0.02143015031005668,-0.0,0.0,0.0,-0.7231319729916891,-0.0,0.0,-0.01899545366898889,-0.0,-0.0,0.0,-0.0,0.0,0.0,0.0,-0.0,0.0,0.0,-0.0,0.0,0.0,-0.0,0.0,-0.0,0.0,0.0,0.0,0.0,-0.0,0.0,0.0,0.0,-0.0,-0.0,-0.0,-0.0,-0.0,0.0
1694,-0.0,-0.0,0.0,0.02096578689537677,0.30078341674252146,0.0835322093254199,-0.05222831481709634,-0.0,0.047831719382182905,-0.0,0.1889657080441088,0.002119465415280333,-0.0,0.0,0.0,-0.7231319729916891,-0.0,0.0,-0.01899545366898889,-0.0,-0.0,0.0,-0.0,0.0,0.0,0.0,-0.0,0.0,0.0,-0.0,0.0,0.0,-0.0,0.0,-0.0,0.0,0.0,0.0,0.0,-0.0,0.0,0.0,0.0,-0.0,-0.0,0.0,-0.0,0.0,0.0
1695,-0.0,-0.0,-0.0,-0.07273605397781553,0.30078341674252146,-0.14106812467313473,0.11625012007676279,-0.0,0.047831719382182905,-0.0,-0.2067739946660667,0.002119465415280333,-0.0,0.0,-0.0,0.4721274864987061,0.0,-0.0,-0.01899545366898889,-0.0,-0.0,0.0,-0.0,0.0,0.0,0.0,-0.0,0.0,0.0,-0.0,0.0,0.0,-0.0,0.0,-0.0,0.0,0.0,0.0,0.0,-0.0,0.0,0.0,0.0,-0.0,-0.0,0.0,-0.0,0.0,0.0
1698,-0.0,-0.0,-0.0,-0.07273605397781553,-0.6490589519180724,-0.06938716701402155,0.20048933752369236,-0.0,0.0035430903246061437,-0.0,-0.2067739946660667,-0.02143015031005668,-0.0,-0.0,0.0,-0.7231319729916891,0.0,0.0,-0.01899545366898889,-0.0,-0.0,0.0,-0.0,-0.0,0.0,-0.0,-0.0,0.0,0.0,-0.0,0.0,-0.0,-0.0,0.0,-0.0,0.0,0.0,0.0,0.0,-0.0,-0.0,0.0,0.0,-0.0,-0.0,-0.0,-0.0,-0.0,0.0
1701,-0.0,-0.0,-0.0,-0.07273605397781553,0.30078341674252146,-0.1267319331413121,-0.05222831481709634,-0.0,0.047831719382182905,-0.0,-0.10783906898852282,0.002119465415280333,0.0,-0.0,0.0,-0.12550224324649148,-0.0,0.0,-0.01899545366898889,-0.0,-0.0,0.0,-0.0,0.0,0.0,0.0,-0.0,0.0,0.0,-0.0,0.0,0.0,-0.0,0.0,-0.0,0.0,0.0,0.0,0.0,-0.0,0.0,0.0,0.0,-0.0,-0.0,-0.0,-0.0,-0.0,0.0
1703,0.0,-0.0,0.0,0.02096578689537677,0.30078341674252146,-0.0215998619079461,0.03201090262983323,-0.0,0.047831719382182905,-0.0,-0.2067739946660667,0.002119465415280333,0.0,0.0,-0.0,-0.7231319729916891,0.0,-0.0,-0.01899545366898889,-0.0,-0.0,0.0,-0.0,-0.0,0.0,-0.0,-0.0,0.0,0.0,-0.0,0.0,-0.0,-0.0,0.0,-0.0,0.0,0.0,0.0,0.0,-0.0,0.0,0.0,0.0,-0.0,0.0,-0.0,-0.0,-0.0,0.0
1704,-0.0,-0.0,0.0,0.02096578689537677,0.30078341674252146,-0.026378592418553646,-0.13646753226402591,-0.0,0.047831719382182905,-0.0,-0.2067739946660667,0.002119465415280333,-0.0,0.0,0.0,-0.12550224324649148,-0.0,0.0,-0.01899545366898889,-0.0,0.0,0.0,-0.0,-0.0,0.0,0.0,-0.0,0.0,0.0,-0.0,0.0,-0.0,-0.0,0.0,-0.0,0.0,0.0,0.0,0.0,-0.0,0.0,0.0,0.0,-0.0,0.0,0.0,-0.0,0.0,0.0
1705,0.0,-0.0,0.0,0.05024761216824936,-0.6490589519180724,0.08831093983602743,-0.05222831481709634,0.0,0.047831719382182905,0.0,-0.2067739946660667,0.002119465415280333,-0.0,0.0,0.0,-0.7231319729916891,0.0,0.0,0.028493180503483335,-0.0,-0.0,0.0,-0.0,0.0,0.0,0.0,-0.0,0.0,0.0,-0.0,0.0,-0.0,-0.0,0.0,-0.0,0.0,-0.0,0.0,0.0,-0.0,0.0,0.0,0.0,-0.0,-0.0,0.0,-0.0,0.0,0.0
1708,-0.0,-0.0,0.0,0.12052399282314359,0.30078341674252146,-0.026378592418553646,0.11625012007676279,-0.0,0.0035430903246061437,-0.0,0.09003078236656493,-0.02143015031005668,-0.0,0.0,0.0,-0.12550224324649148,0.0,0.0,0.028493180503483335,-0.0,-0.0,0.0,-0.0,0.0,0.0,0.0,-0.0,0.0,0.0,-0.0,0.0,-0.0,0.0,0.0,-0.0,0.0,0.0,0.0,0.0,-0.0,0.0,0.0,0.0,-0.0,-0.0,-0.0,-0.0,-0.0,0.0
1710,-0.0,-0.0,0.0,0.07952943744112195,0.30078341674252146,0.0835322093254199,-0.05222831481709634,-0.0,0.047831719382182905,-0.0,-0.008904143310978935,0.002119465415280333,-0.0,-0.0,0.0,-0.7231319729916891,-0.0,0.0,-0.01899545366898889,-0.0,-0.0,0.0,-0.0,0.0,0.0,0.0,-0.0,0.0,0.0,-0.0,0.0,-0.0,-0.0,0.0,-0.0,0.0,0.0,0.0,0.0,-0.0,0.0,0.0,0.0,0.0,-0.0,0.0,-0.0,0.0,0.0
1720,-0.0,-0.0,-0.0,-0.07273605397781553,0.30078341674252146,-0.026378592418553646,-0.05222831481709634,-0.0,-0.08503416779054737,0.0,0.09003078236656493,0.025669081140617344,-0.0,0.0,-0.0,1.0697572162439037,0.0,0.0,0.028493180503483335,-0.0,-0.0,0.0,-0.0,0.0,0.0,0.0,-0.0,0.0,0.0,-0.0,0.0,-0.0,-0.0,-0.0,-0.0,0.0,0.0,0.0,0.0,-0.0,0.0,0.0,0.0,-0.0,-0.0,-0.0,-0.0,-0.0,0.0
1725,-0.0,-0.0,-0.0,-0.07273605397781553,0.30078341674252146,-0.026378592418553646,0.11625012007676279,-0.0,-0.08503416779054737,0.0,-0.008904143310978935,0.002119465415280333,-0.0,0.0,-0.0,-0.12550224324649148,-0.0,0.0,-0.01899545366898889,-0.0,-0.0,0.0,-0.0,-0.0,-0.0,0.0,-0.0,0.0,0.0,-0.0,0.0,-0.0,-0.0,-0.0,-0.0,0.0,0.0,0.0,0.0,-0.0,0.0,0.0,0.0,-0.0,-0.0,0.0,-0.0,0.0,0.0
1728,-0.0,-0.0,-0.0,-0.07273605397781553,-0.6490589519180724,-0.007263670376123466,0.03201090262983323,-0.0,-0.12932279684812414,-0.0,-0.2067739946660667,-0.009655342447388172,0.0,-0.0,0.0,-0.7231319729916891,-0.0,0.0,-0.01899545366898889,-0.0,-0.0,0.0,-0.0,-0.0,0.0,0.0,0.0,0.0,0.0,-0.0,0.0,-0.0,-0.0,0.0,-0.0,0.0,0.0,0.0,0.0,-0.0,-0.0,0.0,0.0,-0.0,-0.0,0.0,-0.0,0.0,0.0
1734,-0.0,0.0,-0.0,-0.07273605397781553,0.30078341674252146,-0.026378592418553646,-0.05222831481709634,-0.0,0.047831719382182905,-0.0,0.09003078236656493,0.002119465415280333,-0.0,0.0,0.0,-0.7231319729916891,-0.0,0.0,-0.01899545366898889,-0.0,0.0,0.0,-0.0,-0.0,0.0,0.0,-0.0,0.0,0.0,-0.0,0.0,-0.0,-0.0,0.0,-0.0,0.0,0.0,0.0,0.0,-0.0,0.0,0.0,0.0,-0.0,0.0,0.0,0.0,-0.0,0.0
1763,-0.0,-0.0,-0.0,-0.07273605397781553,0.30078341674252146,0.021408712687521803,0.03201090262983323,-0.0,0.047831719382182905,0.0,0.09003078236656493,0.002119465415280333,-0.0,-0.0,-0.0,-0.12550224324649148,-0.0,0.0,-0.01899545366898889,-0.0,-0.0,0.0,-0.0,-0.0,-0.0,0.0,-0.0,0.0,0.0,-0.0,0.0,0.0,-0.0,0.0,-0.0,0.0,0.0,0.0,0.0,-0.0,0.0,0.0,0.0,-0.0,-0.0,0.0,0.0,-0.0,0.0
1776,-0.0,-0.0,0.0,0.07952943744112195,0.30078341674252146,-0.026378592418553646,0.03201090262983323,-0.0,-0.04074553873297061,-0.0,0.2879006337216527,0.002119465415280333,-0.0,-0.0,0.0,0.4721274864987061,0.0,0.0,0.028493180503483335,-0.0,-0.0,0.0,-0.0,-0.0,-0.0,0.0,-0.0,0.0,0.0,-0.0,0.0,-0.0,0.0,0.0,-0.0,0.0,0.0,0.0,0.0,-0.0,0.0,0.0,0.0,-0.0,-0.0,0.0,-0.0,0.0,0.0
1777,-0.0,-0.0,0.0,0.02096578689537677,0.30078341674252146,-0.04071478395037628,-0.13646753226402591,-0.0,0.047831719382182905,0.0,0.09003078236656493,0.025669081140617344,0.0,0.0,-0.0,-0.12550224324649148,0.0,-0.0,-0.01899545366898889,-0.0,-0.0,0.0,-0.0,-0.0,-0.0,0.0,-0.0,0.0,0.0,-0.0,0.0,-0.0,-0.0,-0.0,-0.0,0.0,0.0,0.0,0.0,-0.0,0.0,0.0,0.0,-0.0,-0.0,0.0,-0.0,0.0,0.0
1780,-0.0,-0.0,0.0,0.08538580249569648,0.30078341674252146,-0.026378592418553646,0.20048933752369236,-0.0,-0.08503416779054737,-0.0,-0.10783906898852282,0.002119465415280333,-0.0,-0.0,-0.0,-0.12550224324649148,0.0,-0.0,-0.01899545366898889,-0.0,-0.0,0.0,-0.0,0.0,0.0,0.0,-0.0,0.0,0.0,-0.0,0.0,0.0,-0.0,0.0,-0.0,0.0,0.0,0.0,0.0,-0.0,0.0,0.0,0.0,-0.0,-0.0,0.0,-0.0,0.0,0.0
1788,-0.0,-0.0,-0.0,-0.07273605397781553,-0.3324448290312078,0.011851251666306713,-0.05222831481709634,0.0,0.0035430903246061437,0.0,0.2879006337216527,0.025669081140617344,-0.0,0.0,-0.0,-0.12550224324649148,0.0,0.0,0.028493180503483335,-0.0,-0.0,0.0,-0.0,-0.0,-0.0,0.0,-0.0,0.0,0.0,-0.0,0.0,0.0,-0.0,0.0,-0.0,0.0,0.0,0.0,0.0,-0.0,0.0,0.0,0.0,-0.0,-0.0,0.0,-0.0,0.0,0.0
1790,-0.0,0.0,-0.0,-0.07273605397781553,-0.3324448290312078,-0.10761701109888192,-0.22070674971095547,0.0,0.047831719382182905,-0.0,-0.10783906898852282,0.002119465415280333,-0.0,0.0,-0.0,-0.12550224324649148,0.0,0.0,0.028493180503483335,-0.0,0.0,0.0,-0.0,-0.0,0.0,0.0,-0.0,0.0,0.0,-0.0,0.0,0.0,-0.0,0.0,-0.0,0.0,0.0,0.0,0.0,-0.0,0.0,0.0,0.0,-0.0,-0.0,0.0,-0.0,0.0,0.0
1792,-0.0,-0.0,0.0,-0.07273605397781553,-0.6490589519180724,0.05008109575116707,-0.05222831481709634,-0.0,0.047831719382182905,-0.0,0.09003078236656493,0.002119465415280333,-0.0,-0.0,0.0,-0.7231319729916891,0.0,0.0,0.028493180503483335,-0.0,-0.0,0.0,-0.0,0.0,0.0,0.0,-0.0,0.0,0.0,-0.0,0.0,-0.0,-0.0,-0.0,-0.0,0.0,0.0,0.0,0.0,-0.0,0.0,0.0,0.0,-0.0,-0.0,-0.0,-0.0,-0.0,0.0
1800,-0.0,-0.0,-0.0,-0.07273605397781553,-0.6490589519180724,-0.026378592418553646,-0.05222831481709634,-0.0,-0.08503416779054737,-0.0,0.2879006337216527,0.002119465415280333,-0.0,-0.0,0.0,-0.7231319729916891,0.0,0.0,0.028493180503483335,-0.0,-0.0,0.0,-0.0,-0.0,-0.0,0.0,-0.0,0.0,0.0,-0.0,0.0,-0.0,-0.0,-0.0,-0.0,0.0,0.0,0.0,0.0,-0.0,0.0,0.0,0.0,-0.0,-0.0,0.0,0.0,-0.0,0.0
1806,-0.0,-0.0,-0.0,-0.07273605397781553,-0.6490589519180724,0.026187443198129347,-0.22070674971095547,-0.0,0.047831719382182905,0.0,-0.2067739946660667,0.025669081140617344,-0.0,0.0,0.0,-0.7231319729916891,0.0,-0.0,-0.01899545366898889,-0.0,-0.0,0.0,-0.0,0.0,0.0,0.0,-0.0,0.0,0.0,-0.0,0.0,-0.0,-0.0,0.0,-0.0,0.0,-0.0,0.0,0.0,-0.0,0.0,0.0,0.0,-0.0,-0.0,0.0,-0.0,0.0,0.0
1809,-0.0,-0.0,0.0,0.026822151949951287,0.30078341674252146,-0.026378592418553646,-0.13646753226402591,-0.0,-0.04074553873297061,-0.0,0.09003078236656493,-0.009655342447388172,-0.0,-0.0,0.0,-0.7231319729916891,0.0,0.0,0.028493180503483335,-0.0,-0.0,0.0,-0.0,-0.0,-0.0,0.0,-0.0,0.0,0.0,-0.0,0.0,0.0,-0.0,0.0,-0.0,0.0,0.0,0.0,0.0,-0.0,0.0,0.0,0.0,-0.0,-0.0,0.0,-0.0,0.0,0.0
1812,-0.0,-0.0,-0.0,-0.07273605397781553,0.30078341674252146,-0.05027224497159137,-0.13646753226402591,-0.0,0.047831719382182905,-0.0,-0.10783906898852282,0.002119465415280333,-0.0,0.0,0.0,-0.7231319729916891,0.0,-0.0,-0.01899545366898889,-0.0,0.0,0.0,-0.0,-0.0,0.0,0.0,-0.0,0.0,0.0,-0.0,0.0,-0.0,-0.0,0.0,-0.0,0.0,-0.0,0.0,0.0,-0.0,0.0,0.0,0.0,-0.0,-0.0,0.0,-0.0,0.0,0.0
1817,-0.0,-0.0,-0.0,-0.07273605397781553,-0.6490589519180724,-0.0215998619079461,0.20048933752369236,-0.0,0.047831719382182905,-0.0,-0.008904143310978935,0.002119465415280333,-0.0,-0.0,0.0,-0.7231319729916891,0.0,-0.0,-0.01899545366898889,-0.0,-0.0,0.0,-0.0,0.0,0.0,0.0,-0.0,0.0,0.0,-0.0,0.0,0.0,-0.0,0.0,-0.0,0.0,0.0,0.0,0.0,-0.0,0.0,0.0,0.0,-0.0,-0.0,-0.0,-0.0,-0.0,0.0
1824,-0.0,-0.0,0.0,0.02096578689537677,0.30078341674252146,-0.117174472120097,0.03201090262983323,-0.0,0.047831719382182905,-0.0,-0.008904143310978935,0.002119465415280333,-0.0,-0.0,0.0,-0.12550224324649148,0.0,-0.0,-0.01899545366898889,-0.0,-0.0,0.0,-0.0,0.0,0.0,0.0,-0.0,0.0,0.0,-0.0,0.0,-0.0,-0.0,0.0,-0.0,0.0,0.0,0.0,0.0,-0.0,0.0,0.0,0.0,0.0,-0.0,0.0,-0.0,0.0,0.0
1831,0.0,-0.0,0.0,0.04439124711367484,-0.6490589519180724,0.10264713136785007,-0.13646753226402591,-0.0,0.047831719382182905,0.0,-0.10783906898852282,0.025669081140617344,-0.0,0.0,0.0,-0.7231319729916891,0.0,-0.0,-0.01899545366898889,-0.0,-0.0,0.0,-0.0,0.0,0.0,0.0,-0.0,0.0,0.0,-0.0,0.0,-0.0,-0.0,-0.0,-0.0,0.0,0.0,0.0,0.0,-0.0,0.0,0.0,0.0,-0.0,-0.0,0.0,-0.0,0.0,0.0
1838,-0.0,-0.0,-0.0,-0.07273605397781553,0.30078341674252146,0.0835322093254199,0.03201090262983323,-0.0,0.047831719382182905,-0.0,0.09003078236656493,-0.02143015031005668,-0.0,0.0,0.0,-0.12550224324649148,0.0,-0.0,-0.01899545366898889,-0.0,-0.0,0.0,-0.0,0.0,0.0,0.0,-0.0,0.0,0.0,-0.0,0.0,0.0,-0.0,0.0,-0.0,0.0,0.0,0.0,0.0,-0.0,0.0,0.0,0.0,-0.0,-0.0,-0.0,-0.0,-0.0,0.0
1845,-0.0,-0.0,0.0,0.08538580249569648,-0.3324448290312078,-0.06938716701402155,-0.05222831481709634,0.0,0.0035430903246061437,0.0,-0.2067739946660667,0.025669081140617344,0.0,0.0,-0.0,-0.7231319729916891,0.0,0.0,0.028493180503483335,-0.0,-0.0,0.0,-0.0,-0.0,0.0,-0.0,-0.0,0.0,0.0,-0.0,0.0,-0.0,-0.0,0.0,-0.0,0.0,0.0,0.0,0.0,-0.0,0.0,0.0,0.0,-0.0,0.0,0.0,-0.0,0.0,0.0
1848,-0.0,-0.0,-0.0,-0.07273605397781553,-0.6490589519180724,-0.026378592418553646,-0.05222831481709634,-0.0,0.047831719382182905,-0.0,0.1889657080441088,0.002119465415280333,-0.0,-0.0,0.0,-0.7231319729916891,-0.0,0.0,-0.01899545366898889,-0.0,-0.0,0.0,-0.0,-0.0,-0.0,0.0,-0.0,0.0,0.0,-0.0,0.0,-0.0,-0.0,-0.0,-0.0,0.0,0.0,0.0,0.0,-0.0,0.0,0.0,0.0,-0.0,-0.0,-0.0,-0.0,-0.0,0.0
1855,-0.0,-0.0,0.0,0.07952943744112195,0.30078341674252146,-0.026378592418553646,0.03201090262983323,-0.0,0.047831719382182905,-0.0,-0.008904143310978935,0.002119465415280333,-0.0,-0.0,0.0,-0.7231319729916891,0.0,-0.0,-0.01899545366898889,-0.0,0.0,0.0,-0.0,-0.0,0.0,0.0,-0.0,0.0,0.0,-0.0,0.0,-0.0,-0.0,-0.0,-0.0,0.0,0.0,0.0,0.0,-0.0,0.0,0.0,0.0,-0.0,-0.0,0.0,-0.0,0.0,0.0
1858,-0.0,-0.0,0.0,0.02096578689537677,-0.6490589519180724,-0.026378592418553646,-0.22070674971095547,-0.0,-0.04074553873297061,-0.0,-0.008904143310978935,-0.009655342447388172,-0.0,-0.0,-0.0,-0.7231319729916891,0.0,0.0,0.028493180503483335,-0.0,-0.0,0.0,-0.0,-0.0,-0.0,0.0,-0.0,0.0,0.0,-0.0,0.0,-0.0,-0.0,-0.0,-0.0,0.0,0.0,0.0,0.0,-0.0,0.0,0.0,0.0,-0.0,-0.0,-0.0,-0.0,-0.0,0.0
